"Box","MLD","y","ymin","ymax",".width",".point",".interval"
"Adriatic",11.8979004908362,0.0794286562596617,0.0740655267838327,0.0860249278444346,0.8,"median","qi"
"Adriatic",13.5935931582615,0.0818283021286309,0.0768508461846101,0.0878649454897085,0.8,"median","qi"
"Adriatic",15.2892858256867,0.0842458088722425,0.0795036145825027,0.0898304132011493,0.8,"median","qi"
"Adriatic",16.984978493112,0.0865358098913262,0.0819447806552889,0.0918247129986829,0.8,"median","qi"
"Adriatic",18.6806711605372,0.0887042224921039,0.0840890967976392,0.0937432146782408,0.8,"median","qi"
"Adriatic",20.3763638279625,0.0906331823279183,0.085947639657991,0.0955474801337715,0.8,"median","qi"
"Adriatic",22.0720564953877,0.0922966057439266,0.087493011548097,0.097189173621065,0.8,"median","qi"
"Adriatic",23.767749162813,0.0936657714699191,0.088714092715779,0.0985748670780641,0.8,"median","qi"
"Adriatic",25.4634418302382,0.0947180645568814,0.0895968967479348,0.0996739270802562,0.8,"median","qi"
"Adriatic",27.1591344976635,0.0954734088793777,0.0901287614337565,0.100490528236668,0.8,"median","qi"
"Adriatic",28.8548271650888,0.0958962415875259,0.0903700087944027,0.100999864479688,0.8,"median","qi"
"Adriatic",30.550519832514,0.0959768017892436,0.0902948997518954,0.101266516133826,0.8,"median","qi"
"Adriatic",32.2462124999393,0.0957795369372957,0.0899535745387783,0.101274474747384,0.8,"median","qi"
"Adriatic",33.9419051673645,0.0952738176795632,0.0893196496235569,0.101047361877604,0.8,"median","qi"
"Adriatic",35.6375978347898,0.0945755804663253,0.0884372554312188,0.100608621760541,0.8,"median","qi"
"Adriatic",37.333290502215,0.0936527894010801,0.0873485073157582,0.100010935283663,0.8,"median","qi"
"Adriatic",39.0289831696403,0.0925585795753615,0.0860649032998223,0.099323359935444,0.8,"median","qi"
"Adriatic",40.7246758370655,0.0913319483135214,0.0846566721243649,0.0985305069037341,0.8,"median","qi"
"Adriatic",42.4203685044908,0.0900356458889586,0.083128728869315,0.0976611031373753,0.8,"median","qi"
"Adriatic",44.116061171916,0.0887359121582854,0.0815252255013781,0.0967233583131038,0.8,"median","qi"
"Adriatic",45.8117538393413,0.0873380210500019,0.0799105521355627,0.09575189399034,0.8,"median","qi"
"Adriatic",47.5074465067665,0.0859960329955256,0.078297486686195,0.0947895851823074,0.8,"median","qi"
"Adriatic",49.2031391741918,0.0846957631942074,0.076701485812714,0.0938080091159532,0.8,"median","qi"
"Adriatic",50.898831841617,0.0834653333167825,0.0752044987625284,0.0928294739952662,0.8,"median","qi"
"Adriatic",52.5945245090423,0.0823170662745346,0.0738144745723942,0.0919227629414787,0.8,"median","qi"
"Adriatic",54.2902171764675,0.0812293913386582,0.0725749098788663,0.0910644303055466,0.8,"median","qi"
"Adriatic",55.9859098438928,0.080237611110229,0.0714205036651772,0.0902848966018672,0.8,"median","qi"
"Adriatic",57.681602511318,0.0793529962181802,0.0704338593748678,0.089554112072695,0.8,"median","qi"
"Adriatic",59.3772951787433,0.0785806753428799,0.0695382304997814,0.088861811340174,0.8,"median","qi"
"Adriatic",61.0729878461685,0.0778651695597053,0.0687737564595406,0.0882533604524105,0.8,"median","qi"
"Adriatic",62.7686805135938,0.0772238323318785,0.0681573606807461,0.087794866576952,0.8,"median","qi"
"Adriatic",64.464373181019,0.0766997143630331,0.0675316519690768,0.0873708289073884,0.8,"median","qi"
"Adriatic",66.1600658484443,0.0762684940426388,0.0670544892958324,0.086949561405221,0.8,"median","qi"
"Adriatic",67.8557585158696,0.0759095515211271,0.066596469666213,0.086639108633307,0.8,"median","qi"
"Adriatic",69.5514511832948,0.0756397773741312,0.0661743747658735,0.0863533739229776,0.8,"median","qi"
"Adriatic",71.2471438507201,0.0753737561064786,0.0657944190471081,0.0861735053003933,0.8,"median","qi"
"Adriatic",72.9428365181453,0.0751592800737598,0.0654567052796632,0.0859517924366618,0.8,"median","qi"
"Adriatic",74.6385291855705,0.074942006491908,0.0651262122659766,0.0857344846779825,0.8,"median","qi"
"Adriatic",76.3342218529958,0.0747166495962202,0.0647239672332328,0.0855948019786322,0.8,"median","qi"
"Adriatic",78.0299145204211,0.0744749857823533,0.0642838894938033,0.0853527432635228,0.8,"median","qi"
"Adriatic",79.7256071878463,0.074218994752912,0.063762550064196,0.0850819072623493,0.8,"median","qi"
"Adriatic",81.4212998552716,0.0738281754609305,0.0632051196485505,0.0848269172181874,0.8,"median","qi"
"Adriatic",83.1169925226968,0.0733064979534375,0.0625683502044924,0.0844368735571445,0.8,"median","qi"
"Adriatic",84.8126851901221,0.0727309148561457,0.0619404400782204,0.0839279363108667,0.8,"median","qi"
"Adriatic",86.5083778575473,0.0720840132327145,0.061070354387495,0.0832526252333469,0.8,"median","qi"
"Adriatic",88.2040705249726,0.0713061080959858,0.0602469574445074,0.0825346283426528,0.8,"median","qi"
"Adriatic",89.8997631923978,0.0704539923964323,0.0593028998606842,0.0816287758254086,0.8,"median","qi"
"Adriatic",91.5954558598231,0.0694395436530879,0.0582056428307166,0.0806995338693481,0.8,"median","qi"
"Adriatic",93.2911485272483,0.0683170195510249,0.0571579426060802,0.079626994099334,0.8,"median","qi"
"Adriatic",94.9868411946736,0.0671190995871731,0.0558288204144933,0.0784547726238224,0.8,"median","qi"
"Adriatic",96.6825338620988,0.0657721056752971,0.0544253968947273,0.0771537617046933,0.8,"median","qi"
"Adriatic",98.3782265295241,0.0643315437109475,0.0529816607574,0.0757126860086969,0.8,"median","qi"
"Adriatic",100.073919196949,0.0628298135967605,0.0515142873894051,0.0742375324257955,0.8,"median","qi"
"Adriatic",101.769611864375,0.0611510197189946,0.04986808468831,0.0725679557586072,0.8,"median","qi"
"Adriatic",103.4653045318,0.0594242559696405,0.0481509465523404,0.0709112792999293,0.8,"median","qi"
"Adriatic",105.160997199225,0.0576474529402843,0.0464110705942913,0.0691225419474989,0.8,"median","qi"
"Adriatic",106.85668986665,0.0557831446956043,0.0445602284858969,0.0673924213511782,0.8,"median","qi"
"Adriatic",108.552382534076,0.0539298627454402,0.042722382422768,0.0655412434199952,0.8,"median","qi"
"Adriatic",110.248075201501,0.0520422206252138,0.0408365912774003,0.0637235941598698,0.8,"median","qi"
"Adriatic",111.943767868926,0.0501721991940907,0.0388868263360917,0.0619977929736221,0.8,"median","qi"
"Adriatic",113.639460536351,0.0482831856528631,0.0369453947920684,0.0602779670099192,0.8,"median","qi"
"Adriatic",115.335153203777,0.0463797168625809,0.0350366238118242,0.0585721096326524,0.8,"median","qi"
"Adriatic",117.030845871202,0.0445369631197441,0.0331692525673651,0.0568402627692274,0.8,"median","qi"
"Adriatic",118.726538538627,0.0427389887548574,0.0313158564271779,0.0551651755524788,0.8,"median","qi"
"Adriatic",120.422231206052,0.0409942149375474,0.0295053515560158,0.0535057466289919,0.8,"median","qi"
"Adriatic",122.117923873478,0.0392929794841267,0.0278015873054641,0.0518989165358861,0.8,"median","qi"
"Adriatic",123.813616540903,0.0377029050706551,0.0261234040819677,0.0504802693898557,0.8,"median","qi"
"Adriatic",125.509309208328,0.0362075444934179,0.0245571885346451,0.0491133978600074,0.8,"median","qi"
"Adriatic",127.205001875753,0.0347570037219372,0.0231100437643995,0.0477476944809194,0.8,"median","qi"
"Adriatic",128.900694543179,0.0334466084573687,0.0216565371095956,0.0465567519064923,0.8,"median","qi"
"Adriatic",130.596387210604,0.0322167522749025,0.0204082339601077,0.045440842281119,0.8,"median","qi"
"Adriatic",132.292079878029,0.0310799530396857,0.0192353756990965,0.0443943456229518,0.8,"median","qi"
"Adriatic",133.987772545454,0.0300915769794272,0.0181416870220015,0.0434687196137179,0.8,"median","qi"
"Adriatic",135.68346521288,0.0291939967030921,0.0171012322193077,0.0426905124817208,0.8,"median","qi"
"Adriatic",137.379157880305,0.0284137001725888,0.0162158202609626,0.0419580386318064,0.8,"median","qi"
"Adriatic",139.07485054773,0.0277239569396609,0.0155086522507662,0.0414369747094636,0.8,"median","qi"
"Adriatic",140.770543215155,0.0271867453171693,0.0148892573246071,0.040953675822235,0.8,"median","qi"
"Adriatic",142.466235882581,0.026733120029137,0.0143624906781898,0.0405239127676245,0.8,"median","qi"
"Adriatic",144.161928550006,0.0263757170287901,0.0138974096338271,0.0402486338861743,0.8,"median","qi"
"Adriatic",145.857621217431,0.0261287420100683,0.0136635715196577,0.0401034035120919,0.8,"median","qi"
"Adriatic",147.553313884856,0.0260110877040231,0.0134248343133603,0.0400384329875016,0.8,"median","qi"
"Adriatic",149.249006552282,0.0260739048494364,0.0133562042851878,0.0400762120689991,0.8,"median","qi"
"Adriatic",150.944699219707,0.026138276104729,0.0133686939786562,0.0402477565849218,0.8,"median","qi"
"Adriatic",152.640391887132,0.0263190659841593,0.0134157819761671,0.0403767349305732,0.8,"median","qi"
"Adriatic",154.336084554557,0.0265642700411388,0.0135758465834241,0.0406161365483362,0.8,"median","qi"
"Adriatic",156.031777221983,0.0269112565787991,0.0138394361413182,0.040995958603727,0.8,"median","qi"
"Adriatic",157.727469889408,0.0272937740483519,0.0142505166561621,0.0413887592191857,0.8,"median","qi"
"Adriatic",159.423162556833,0.0276869491408728,0.014663101847013,0.0418665393876832,0.8,"median","qi"
"Adriatic",161.118855224258,0.0282002544373525,0.0152002703019442,0.0423093802673329,0.8,"median","qi"
"Adriatic",162.814547891684,0.0287966470800319,0.0156960732421018,0.0428424099677648,0.8,"median","qi"
"Adriatic",164.510240559109,0.0294597316893755,0.016308869975661,0.0434796504159123,0.8,"median","qi"
"Adriatic",166.205933226534,0.0300851385068643,0.017002857396354,0.0441983396160401,0.8,"median","qi"
"Adriatic",167.901625893959,0.0307075634206544,0.0176555064276569,0.044872770633795,0.8,"median","qi"
"Adriatic",169.597318561385,0.0313601717892931,0.0183606206034729,0.0456001256468976,0.8,"median","qi"
"Adriatic",171.29301122881,0.0320363742024951,0.0191320992824636,0.0462664358286629,0.8,"median","qi"
"Adriatic",172.988703896235,0.0327557925044769,0.0198920027799063,0.0469637619112021,0.8,"median","qi"
"Adriatic",174.68439656366,0.0333957853447269,0.0205597672460487,0.0476376699891393,0.8,"median","qi"
"Adriatic",176.380089231086,0.0340942633644941,0.0212792697751538,0.0482081158678236,0.8,"median","qi"
"Adriatic",178.075781898511,0.0348154249142752,0.0219960296340922,0.0488300394884528,0.8,"median","qi"
"Adriatic",179.771474565936,0.0354766172269009,0.0227893174535205,0.0494257591669141,0.8,"median","qi"
"Adriatic",181.467167233361,0.0361453579345217,0.0235026018140567,0.0499720298424758,0.8,"median","qi"
"Adriatic",183.162859900787,0.0368133335452813,0.0241010829447267,0.050522495178214,0.8,"median","qi"
"Adriatic",184.858552568212,0.0374191896223828,0.0247473215263721,0.0510598742141813,0.8,"median","qi"
"Adriatic",186.554245235637,0.0379971922078198,0.0253740952006617,0.0514839807526505,0.8,"median","qi"
"Adriatic",188.249937903062,0.0385050568280886,0.0258511700521327,0.0519468440510369,0.8,"median","qi"
"Adriatic",189.945630570488,0.038986413341483,0.0263556854198869,0.0523630604457085,0.8,"median","qi"
"Adriatic",191.641323237913,0.0394383081411147,0.0267477600639821,0.0527737295969267,0.8,"median","qi"
"Adriatic",193.337015905338,0.0398374089754689,0.0271654467097801,0.0530546260033984,0.8,"median","qi"
"Adriatic",195.032708572763,0.0402068323323967,0.0274877849968701,0.0533163245048222,0.8,"median","qi"
"Adriatic",196.728401240189,0.0405442350482353,0.0277660051512365,0.0535404155729281,0.8,"median","qi"
"Adriatic",198.424093907614,0.0408254388245363,0.0279746674183509,0.0537781089116663,0.8,"median","qi"
"Adriatic",200.119786575039,0.0410282820910689,0.0280872699809876,0.0538573945650093,0.8,"median","qi"
"Adriatic",201.815479242464,0.0411639270934391,0.0281198130651746,0.0539788854746202,0.8,"median","qi"
"Adriatic",203.51117190989,0.041231229598675,0.0281808940099303,0.0540950933680612,0.8,"median","qi"
"Adriatic",205.206864577315,0.0412513493529167,0.0281175208278655,0.0540533431489353,0.8,"median","qi"
"Adriatic",206.90255724474,0.0412595120944102,0.0280802526891061,0.0540163795933045,0.8,"median","qi"
"Adriatic",208.598249912165,0.0411432356543059,0.0279065002343285,0.0539299892672907,0.8,"median","qi"
"Adriatic",210.293942579591,0.0410624131095862,0.0277234697092568,0.0537513457831136,0.8,"median","qi"
"Adriatic",211.989635247016,0.0408863005367968,0.0275241212160524,0.0535481168597029,0.8,"median","qi"
"Adriatic",213.685327914441,0.0406234060786978,0.0273463097146044,0.0533119476401538,0.8,"median","qi"
"Adriatic",215.381020581866,0.0403229219597527,0.026988352574534,0.0530226617037001,0.8,"median","qi"
"Adriatic",217.076713249292,0.0400088604119831,0.0265384855751484,0.052744956861384,0.8,"median","qi"
"Adriatic",218.772405916717,0.0396645873388337,0.0261268979935798,0.0524451417581225,0.8,"median","qi"
"Adriatic",220.468098584142,0.039253644353347,0.0256873824929186,0.0520601611654131,0.8,"median","qi"
"Adriatic",222.163791251567,0.0387695861928878,0.0251730273546858,0.0516438685949924,0.8,"median","qi"
"Adriatic",223.859483918993,0.0382722075106859,0.0245974934713743,0.0511714528481275,0.8,"median","qi"
"Adriatic",225.555176586418,0.0377515161731565,0.0240322286968144,0.0507042457075393,0.8,"median","qi"
"Adriatic",227.250869253843,0.0372312456239966,0.0234223961560611,0.050161418884087,0.8,"median","qi"
"Adriatic",228.946561921268,0.036622419153247,0.0227804314356204,0.0496604329226006,0.8,"median","qi"
"Adriatic",230.642254588694,0.0359902982204253,0.0221203096622676,0.0490704830031912,0.8,"median","qi"
"Adriatic",232.337947256119,0.0353371946873847,0.0214509602349776,0.0484985417481783,0.8,"median","qi"
"Adriatic",234.033639923544,0.0346650598850069,0.0207306015718803,0.0479064568837477,0.8,"median","qi"
"Adriatic",235.72933259097,0.0339540834385671,0.0200061105578886,0.0472835349237064,0.8,"median","qi"
"Adriatic",237.425025258395,0.0331823481460217,0.0192138693871987,0.0466329293947828,0.8,"median","qi"
"Adriatic",239.12071792582,0.0324154210417624,0.0185256222998008,0.0458744515374105,0.8,"median","qi"
"Adriatic",240.816410593245,0.0316076683660426,0.0177011165367756,0.0451969916521478,0.8,"median","qi"
"Adriatic",242.512103260671,0.0308228427640285,0.0169205627118227,0.0444837214867292,0.8,"median","qi"
"Adriatic",244.207795928096,0.0300228303916641,0.016143030040074,0.0437051448656624,0.8,"median","qi"
"Adriatic",245.903488595521,0.0291905378434388,0.0152398711471199,0.0429539319829258,0.8,"median","qi"
"Adriatic",247.599181262946,0.0283481299831309,0.0144004993647061,0.0421868117086136,0.8,"median","qi"
"Adriatic",249.294873930371,0.0274569134973498,0.0134830367554337,0.0412686090853816,0.8,"median","qi"
"Adriatic",250.990566597797,0.0265994247511041,0.0126495317385882,0.0404100652619696,0.8,"median","qi"
"Adriatic",252.686259265222,0.0257263113758373,0.0117096052446035,0.0395221021612681,0.8,"median","qi"
"Adriatic",254.381951932647,0.0248535971190253,0.0107793698718708,0.0386443122112458,0.8,"median","qi"
"Adriatic",256.077644600073,0.0239384811774877,0.00982580911198222,0.037736637245977,0.8,"median","qi"
"Adriatic",257.773337267498,0.0229826069428444,0.00897401444382571,0.0367824778062458,0.8,"median","qi"
"Adriatic",259.469029934923,0.0220275565813499,0.00807393507195592,0.03581922160415,0.8,"median","qi"
"Adriatic",261.164722602348,0.0210357887317679,0.00711464923706882,0.0349118044147914,0.8,"median","qi"
"Adriatic",262.860415269774,0.0200683834900721,0.00623003520876985,0.0339854185071464,0.8,"median","qi"
"Adriatic",264.556107937199,0.0191375451545833,0.00532576862904103,0.0329707987663398,0.8,"median","qi"
"Adriatic",266.251800604624,0.0182033760785715,0.00443459848112398,0.0319831921423539,0.8,"median","qi"
"Adriatic",267.947493272049,0.01723980503206,0.00348269306676331,0.0309961053336567,0.8,"median","qi"
"Adriatic",269.643185939475,0.0162810336051235,0.0025700775542337,0.0299447352284641,0.8,"median","qi"
"Adriatic",271.3388786069,0.0153475936079803,0.00162711952084955,0.0289097156268726,0.8,"median","qi"
"Adriatic",273.034571274325,0.0143341041595976,0.000701165871461892,0.0278830994974005,0.8,"median","qi"
"Adriatic",274.73026394175,0.0133766665654682,0,0.0268206811204028,0.8,"median","qi"
"Adriatic",276.425956609176,0.0123950833144808,0,0.0257421207700131,0.8,"median","qi"
"Adriatic",278.121649276601,0.0113873221355695,0,0.024654434102902,0.8,"median","qi"
"Adriatic",279.817341944026,0.0103995944348062,0,0.0235963596236934,0.8,"median","qi"
"Adriatic",281.513034611451,0.00941476532516117,0,0.0225700450957077,0.8,"median","qi"
"Adriatic",283.208727278877,0.00845851602915715,0,0.0214948434417148,0.8,"median","qi"
"Adriatic",284.904419946302,0.00748830249789207,0,0.0205168831777187,0.8,"median","qi"
"Adriatic",286.600112613727,0.00655096068347444,0,0.0195008930303908,0.8,"median","qi"
"Adriatic",288.295805281152,0.0055510438429526,0,0.0185048098784859,0.8,"median","qi"
"Adriatic",289.991497948578,0.00460565550173,0,0.0175458164126024,0.8,"median","qi"
"Adriatic",291.687190616003,0.00361509647480478,0,0.0166087805019135,0.8,"median","qi"
"Adriatic",293.382883283428,0.00262571956305216,0,0.0156550223435707,0.8,"median","qi"
"Adriatic",295.078575950853,0.00168809787103547,0,0.0147442783158813,0.8,"median","qi"
"Adriatic",296.774268618279,0.000755421179220311,0,0.0138784650195065,0.8,"median","qi"
"Adriatic",298.469961285704,0,0,0.0130328411798455,0.8,"median","qi"
"Adriatic",300.165653953129,0,0,0.0122329412191693,0.8,"median","qi"
"Adriatic",301.861346620554,0,0,0.0113996110313458,0.8,"median","qi"
"Adriatic",303.55703928798,0,0,0.0106019873737338,0.8,"median","qi"
"Adriatic",305.252731955405,0,0,0.00988878269500222,0.8,"median","qi"
"Adriatic",306.94842462283,0,0,0.00908502431726945,0.8,"median","qi"
"Adriatic",308.644117290255,0,0,0.00837329144219047,0.8,"median","qi"
"Adriatic",310.339809957681,0,0,0.00769256856370849,0.8,"median","qi"
"Adriatic",312.035502625106,0,0,0.00705349004484822,0.8,"median","qi"
"Adriatic",313.731195292531,0,0,0.00645464241131614,0.8,"median","qi"
"Adriatic",315.426887959956,0,0,0.00577460494611642,0.8,"median","qi"
"Adriatic",317.122580627382,0,0,0.00515622580809093,0.8,"median","qi"
"Adriatic",318.818273294807,0,0,0.00458768658359599,0.8,"median","qi"
"Adriatic",320.513965962232,0,0,0.00402980122663388,0.8,"median","qi"
"Adriatic",322.209658629657,0,0,0.00355112850362214,0.8,"median","qi"
"Adriatic",323.905351297083,0,0,0.0030486330441659,0.8,"median","qi"
"Adriatic",325.601043964508,0,0,0.0025750052092173,0.8,"median","qi"
"Adriatic",327.296736631933,0,0,0.0020989425721979,0.8,"median","qi"
"Adriatic",328.992429299358,0,0,0.00168345090472912,0.8,"median","qi"
"Adriatic",330.688121966784,0,0,0.00126266229631933,0.8,"median","qi"
"Adriatic",332.383814634209,0,0,0.000868239761459538,0.8,"median","qi"
"Adriatic",334.079507301634,0,0,0.000551609331160517,0.8,"median","qi"
"Adriatic",335.775199969059,0,0,0.000269745657001563,0.8,"median","qi"
"Adriatic",337.470892636485,0,0,6.50414863885433e-06,0.8,"median","qi"
"Adriatic",339.16658530391,0,0,0,0.8,"median","qi"
"Adriatic",340.862277971335,0,0,0,0.8,"median","qi"
"Adriatic",342.55797063876,0,0,0,0.8,"median","qi"
"Adriatic",344.253663306186,0,0,0,0.8,"median","qi"
"Adriatic",345.949355973611,0,0,0,0.8,"median","qi"
"Adriatic",347.645048641036,0,0,0,0.8,"median","qi"
"Adriatic",349.340741308461,0,0,0,0.8,"median","qi"
"Cyprus",11.9209819745566,0.0333637231045214,0.0314399523659291,0.0352915415697786,0.8,"median","qi"
"Cyprus",12.6028343307812,0.0331964820262981,0.0312985423574066,0.0350993127189652,0.8,"median","qi"
"Cyprus",13.2846866870058,0.0330365118963772,0.0311494354586083,0.0349045047338817,0.8,"median","qi"
"Cyprus",13.9665390432304,0.0328718246634629,0.0309927174641868,0.034725218707541,0.8,"median","qi"
"Cyprus",14.648391399455,0.0327032187006809,0.0308408025898144,0.0345571236235949,0.8,"median","qi"
"Cyprus",15.3302437556796,0.0325568354055284,0.0306803507674225,0.0343949577108884,0.8,"median","qi"
"Cyprus",16.0120961119042,0.0324051392874156,0.0305165762006555,0.0342513776095596,0.8,"median","qi"
"Cyprus",16.6939484681288,0.0322643612689089,0.0303637135286192,0.0341160670124256,0.8,"median","qi"
"Cyprus",17.3758008243533,0.03213584940126,0.0302295407818843,0.0339920879948133,0.8,"median","qi"
"Cyprus",18.0576531805779,0.0320212420917202,0.030103523280843,0.0338768626966566,0.8,"median","qi"
"Cyprus",18.7395055368025,0.0319230744840158,0.0299748224749652,0.0337797153764596,0.8,"median","qi"
"Cyprus",19.4213578930271,0.0318341616538691,0.029872856410908,0.0337009497956841,0.8,"median","qi"
"Cyprus",20.1032102492517,0.0317632310347926,0.0297709684640256,0.0336456982001277,0.8,"median","qi"
"Cyprus",20.7850626054763,0.0317145644102534,0.029686492970025,0.0336115001195269,0.8,"median","qi"
"Cyprus",21.4669149617009,0.0316738612679093,0.0296144622553548,0.0335961398796529,0.8,"median","qi"
"Cyprus",22.1487673179255,0.0316555110076118,0.0295729048813747,0.0335843187265326,0.8,"median","qi"
"Cyprus",22.83061967415,0.0316528772495361,0.0295431782240203,0.0335918157489543,0.8,"median","qi"
"Cyprus",23.5124720303746,0.0316646431694352,0.0295354530100396,0.0336187844720493,0.8,"median","qi"
"Cyprus",24.1943243865992,0.031688914851508,0.0295514972165017,0.0336717507421212,0.8,"median","qi"
"Cyprus",24.8761767428238,0.0317426202389339,0.0295921509855093,0.0337283395744603,0.8,"median","qi"
"Cyprus",25.5580290990484,0.0318141092627126,0.0296606668477886,0.0338058446596579,0.8,"median","qi"
"Cyprus",26.239881455273,0.0319035746116291,0.0297446904056544,0.0339042684051541,0.8,"median","qi"
"Cyprus",26.9217338114976,0.0320149954224689,0.0298589187868349,0.0340159945894198,0.8,"median","qi"
"Cyprus",27.6035861677221,0.0321426694417788,0.0299925818201399,0.0341532367354572,0.8,"median","qi"
"Cyprus",28.2854385239467,0.0322877748725872,0.030150513988736,0.0343104700727669,0.8,"median","qi"
"Cyprus",28.9672908801713,0.0324549250240593,0.0303336056708368,0.0344779894379541,0.8,"median","qi"
"Cyprus",29.6491432363959,0.0326402258139929,0.0305441686495189,0.0346619761202943,0.8,"median","qi"
"Cyprus",30.3309955926205,0.0328478169459935,0.0307607714563845,0.0348643295177887,0.8,"median","qi"
"Cyprus",31.0128479488451,0.0330698416930286,0.0309960211107393,0.035088175514034,0.8,"median","qi"
"Cyprus",31.6947003050697,0.0333141432937664,0.031249812623901,0.0353256799139225,0.8,"median","qi"
"Cyprus",32.3765526612943,0.0335668286523274,0.0315284065098046,0.0355774253874241,0.8,"median","qi"
"Cyprus",33.0584050175189,0.0338367749529897,0.031810668646881,0.0358400133391436,0.8,"median","qi"
"Cyprus",33.7402573737434,0.0341243746037283,0.0321137790395367,0.0361104954227427,0.8,"median","qi"
"Cyprus",34.422109729968,0.0344322788695111,0.0324382699539113,0.0364066104735622,0.8,"median","qi"
"Cyprus",35.1039620861926,0.034741700688991,0.0327629735094579,0.0367153437952201,0.8,"median","qi"
"Cyprus",35.7858144424172,0.0350614117993655,0.0330948432680628,0.037036290470956,0.8,"median","qi"
"Cyprus",36.4676667986418,0.0353963315275464,0.0334352315667205,0.0373727305485327,0.8,"median","qi"
"Cyprus",37.1495191548664,0.0357368047563656,0.0337753033969748,0.0377078767197074,0.8,"median","qi"
"Cyprus",37.831371511091,0.0360914278422696,0.0341182757937346,0.0380747651973636,0.8,"median","qi"
"Cyprus",38.5132238673155,0.0364485187455524,0.034480293131748,0.0384331621812603,0.8,"median","qi"
"Cyprus",39.1950762235401,0.0368201104405789,0.0348448020802513,0.0388022219160211,0.8,"median","qi"
"Cyprus",39.8769285797647,0.0372011911200558,0.0351949713805967,0.0391907702260866,0.8,"median","qi"
"Cyprus",40.5587809359893,0.037579907204841,0.0355548505924148,0.0395761965785341,0.8,"median","qi"
"Cyprus",41.2406332922139,0.0379682924417486,0.0359211594373684,0.0399797335678297,0.8,"median","qi"
"Cyprus",41.9224856484385,0.0383459001193974,0.0362922908464222,0.0403807973634015,0.8,"median","qi"
"Cyprus",42.6043380046631,0.0387369859379611,0.0366510613366153,0.04079191026559,0.8,"median","qi"
"Cyprus",43.2861903608877,0.0391244095105334,0.037011053420037,0.0412065210685403,0.8,"median","qi"
"Cyprus",43.9680427171122,0.0395081023208047,0.0373788806061814,0.0416224748039189,0.8,"median","qi"
"Cyprus",44.6498950733368,0.0398936032375409,0.037744962303651,0.0420303048165027,0.8,"median","qi"
"Cyprus",45.3317474295614,0.0402847573359553,0.0381123123281054,0.0424413684854085,0.8,"median","qi"
"Cyprus",46.013599785786,0.0406705034629497,0.0384701772832852,0.0428523677904185,0.8,"median","qi"
"Cyprus",46.6954521420106,0.0410509472499006,0.0388327376373175,0.0432576486288698,0.8,"median","qi"
"Cyprus",47.3773044982352,0.0414281784275356,0.0391812875728837,0.043669123665478,0.8,"median","qi"
"Cyprus",48.0591568544598,0.0417967147947148,0.0395312140105688,0.04406295225108,0.8,"median","qi"
"Cyprus",48.7410092106844,0.0421683727235924,0.039868693517416,0.044468421360156,0.8,"median","qi"
"Cyprus",49.4228615669089,0.0425310843602373,0.0402017169321429,0.0448516028649251,0.8,"median","qi"
"Cyprus",50.1047139231335,0.0428896960550726,0.0405264526629826,0.0452275483806505,0.8,"median","qi"
"Cyprus",50.7865662793581,0.0432393850443264,0.0408567301789811,0.0455903629021382,0.8,"median","qi"
"Cyprus",51.4684186355827,0.0435790212332667,0.0411722826887941,0.0459388897834625,0.8,"median","qi"
"Cyprus",52.1502709918073,0.0439086945801767,0.0414799619178849,0.0462901073390605,0.8,"median","qi"
"Cyprus",52.8321233480319,0.0442347078647866,0.0417818066086771,0.0466337308478283,0.8,"median","qi"
"Cyprus",53.5139757042565,0.0445485732507648,0.0420761696405061,0.0469625661848527,0.8,"median","qi"
"Cyprus",54.1958280604811,0.0448555363794653,0.0423696567203022,0.0472761259310372,0.8,"median","qi"
"Cyprus",54.8776804167056,0.0451480716524232,0.0426502204435318,0.0475752452141315,0.8,"median","qi"
"Cyprus",55.5595327729302,0.0454327209687552,0.0429228095461215,0.0478708063890165,0.8,"median","qi"
"Cyprus",56.2413851291548,0.0457059708276191,0.0431974058539606,0.0481604046403351,0.8,"median","qi"
"Cyprus",56.9232374853794,0.0459749173140638,0.0434555697553253,0.048436555634831,0.8,"median","qi"
"Cyprus",57.605089841604,0.0462267617423236,0.0437088122123852,0.0487008349601102,0.8,"median","qi"
"Cyprus",58.2869421978286,0.0464679528955387,0.043961346516831,0.0489595824527606,0.8,"median","qi"
"Cyprus",58.9687945540532,0.046693034388223,0.0441839912702259,0.0492180812839666,0.8,"median","qi"
"Cyprus",59.6506469102778,0.0469240280166325,0.0443978368295689,0.0494718846087562,0.8,"median","qi"
"Cyprus",60.3324992665023,0.0471494798710185,0.0446153339311855,0.049688837117815,0.8,"median","qi"
"Cyprus",61.0143516227269,0.0473594776125222,0.0448082293973123,0.0499121798365125,0.8,"median","qi"
"Cyprus",61.6962039789515,0.0475594420661085,0.0450066679395833,0.0501166109438192,0.8,"median","qi"
"Cyprus",62.3780563351761,0.0477461429929971,0.0452053668843728,0.0503238538672307,0.8,"median","qi"
"Cyprus",63.0599086914007,0.047925992099883,0.045374445958139,0.0505169151185813,0.8,"median","qi"
"Cyprus",63.7417610476253,0.0480913007147454,0.0455444682260182,0.0506937298479274,0.8,"median","qi"
"Cyprus",64.4236134038499,0.0482491691833651,0.0457032721714881,0.0508709295672529,0.8,"median","qi"
"Cyprus",65.1054657600745,0.0483900906921501,0.0458461380129111,0.0510247562660014,0.8,"median","qi"
"Cyprus",65.787318116299,0.0485296178247111,0.0459763000437892,0.0511866228309523,0.8,"median","qi"
"Cyprus",66.4691704725236,0.0486669308953274,0.0461153947102852,0.0513276763584153,0.8,"median","qi"
"Cyprus",67.1510228287482,0.0487949198897417,0.0462365665146031,0.0514499042307556,0.8,"median","qi"
"Cyprus",67.8328751849728,0.0489193371633191,0.0463466823864825,0.0515671583831845,0.8,"median","qi"
"Cyprus",68.5147275411974,0.0490334822238505,0.0464333684327261,0.0516926069657019,0.8,"median","qi"
"Cyprus",69.196579897422,0.0491451629991584,0.0465319403206168,0.0518266908757433,0.8,"median","qi"
"Cyprus",69.8784322536466,0.049243063345912,0.0466236599831969,0.0519282602491093,0.8,"median","qi"
"Cyprus",70.5602846098711,0.0493331190989997,0.0467005757943235,0.0520218030556893,0.8,"median","qi"
"Cyprus",71.2421369660957,0.0494172189688482,0.0467687364948442,0.0521287573621439,0.8,"median","qi"
"Cyprus",71.9239893223203,0.0494983940414912,0.0468218586039997,0.0522224236180427,0.8,"median","qi"
"Cyprus",72.6058416785449,0.0495784289024709,0.0468916406306941,0.0523052022586885,0.8,"median","qi"
"Cyprus",73.2876940347695,0.049644553694395,0.0469324205323886,0.0523856537004209,0.8,"median","qi"
"Cyprus",73.9695463909941,0.0497054469773758,0.0469779399504613,0.0524553201774447,0.8,"median","qi"
"Cyprus",74.6513987472187,0.0497662126071198,0.0470238015536702,0.0525390424426084,0.8,"median","qi"
"Cyprus",75.3332511034433,0.0498195207290616,0.0470571696930942,0.0526094508324969,0.8,"median","qi"
"Cyprus",76.0151034596678,0.0498663811002944,0.0470860395709982,0.0526726518628191,0.8,"median","qi"
"Cyprus",76.6969558158924,0.0499153330825071,0.0471188865152428,0.0527298296778434,0.8,"median","qi"
"Cyprus",77.378808172117,0.0499531009779233,0.0471487501468537,0.05279164367691,0.8,"median","qi"
"Cyprus",78.0606605283416,0.0499971004506794,0.0471892988196289,0.0528361284251001,0.8,"median","qi"
"Cyprus",78.7425128845662,0.050038724536398,0.0472039210114456,0.0528990425428062,0.8,"median","qi"
"Cyprus",79.4243652407908,0.0500771350831919,0.0472283461258059,0.052936225726811,0.8,"median","qi"
"Cyprus",80.1062175970154,0.0501106442244584,0.0472456889717157,0.0529808048855716,0.8,"median","qi"
"Cyprus",80.78806995324,0.0501431228692943,0.0472670675988082,0.0530322219989734,0.8,"median","qi"
"Cyprus",81.4699223094646,0.0501718460943975,0.0472866808766938,0.0530699070720386,0.8,"median","qi"
"Cyprus",82.1517746656891,0.0502059025567319,0.0473115671863864,0.0531129041055174,0.8,"median","qi"
"Cyprus",82.8336270219137,0.0502435885295651,0.0473388671948283,0.0531497573944767,0.8,"median","qi"
"Cyprus",83.5154793781383,0.0502698413059914,0.0473642312008551,0.053187381796103,0.8,"median","qi"
"Cyprus",84.1973317343629,0.0502956883911692,0.0473948465742688,0.0532180264912482,0.8,"median","qi"
"Cyprus",84.8791840905875,0.0503247862836399,0.0474178107850348,0.0532395209582456,0.8,"median","qi"
"Cyprus",85.5610364468121,0.0503557832555525,0.0474399160943861,0.0532630236473091,0.8,"median","qi"
"Cyprus",86.2428888030367,0.0503772892331053,0.0474604782958356,0.0532911906627943,0.8,"median","qi"
"Cyprus",86.9247411592612,0.0503924545159612,0.0474831591164173,0.0533246963997595,0.8,"median","qi"
"Cyprus",87.6065935154858,0.0504152523717867,0.0475043068155966,0.0533426754556143,0.8,"median","qi"
"Cyprus",88.2884458717104,0.0504476925254194,0.0475298714899565,0.0533605146044829,0.8,"median","qi"
"Cyprus",88.970298227935,0.0504796128155327,0.0475559894646038,0.0533926767227367,0.8,"median","qi"
"Cyprus",89.6521505841596,0.0505014188747928,0.047574488566042,0.0534119423373304,0.8,"median","qi"
"Cyprus",90.3340029403842,0.0505251667641758,0.0475900918968537,0.0534462447072677,0.8,"median","qi"
"Cyprus",91.0158552966088,0.0505468111285148,0.047620561839647,0.05347299884263,0.8,"median","qi"
"Cyprus",91.6977076528333,0.0505752576629045,0.0476481494585322,0.0534996962307903,0.8,"median","qi"
"Cyprus",92.3795600090579,0.0506050355532644,0.0476771321716489,0.0535343632462132,0.8,"median","qi"
"Cyprus",93.0614123652825,0.0506378435552806,0.0477120995237298,0.0535705040455595,0.8,"median","qi"
"Cyprus",93.7432647215071,0.0506692031640607,0.0477571365309249,0.0536065208865075,0.8,"median","qi"
"Cyprus",94.4251170777317,0.0507071751159565,0.0477847791478637,0.0536378066513377,0.8,"median","qi"
"Cyprus",95.1069694339563,0.0507352990221392,0.0478078077432412,0.0536742589226214,0.8,"median","qi"
"Cyprus",95.7888217901809,0.0507553078125008,0.0478335249191177,0.0537086892990862,0.8,"median","qi"
"Cyprus",96.4706741464055,0.0507837917924235,0.0478553705393632,0.0537472334147138,0.8,"median","qi"
"Cyprus",97.1525265026301,0.0508186624010884,0.0478696273209057,0.0537882615922323,0.8,"median","qi"
"Cyprus",97.8343788588546,0.050844883837974,0.0478844419569851,0.053819301258114,0.8,"median","qi"
"Cyprus",98.5162312150792,0.0508800952826325,0.0479175045096676,0.0538719925606916,0.8,"median","qi"
"Cyprus",99.1980835713038,0.0509035220574225,0.0479358418489806,0.0539069138002244,0.8,"median","qi"
"Cyprus",99.8799359275284,0.0509275464627456,0.0479365322830221,0.0539451586534189,0.8,"median","qi"
"Cyprus",100.561788283753,0.0509501750855899,0.0479452046101167,0.0539787430709411,0.8,"median","qi"
"Cyprus",101.243640639978,0.0509818666128169,0.047950884547443,0.0540201447272554,0.8,"median","qi"
"Cyprus",101.925492996202,0.051004040287283,0.0479545918508342,0.0540677285574931,0.8,"median","qi"
"Cyprus",102.607345352427,0.0510198519008355,0.0479452865550839,0.0541062628433461,0.8,"median","qi"
"Cyprus",103.289197708651,0.0510278859188539,0.047939536000206,0.0541482166343903,0.8,"median","qi"
"Cyprus",103.971050064876,0.0510428498186853,0.0479334844662431,0.0541987647181378,0.8,"median","qi"
"Cyprus",104.652902421101,0.0510654739958932,0.0479287283001332,0.0542452720396091,0.8,"median","qi"
"Cyprus",105.334754777325,0.0510847758052232,0.047919736309152,0.0542888943948442,0.8,"median","qi"
"Cyprus",106.01660713355,0.0510955537727413,0.0479044780842406,0.0543331334032603,0.8,"median","qi"
"Cyprus",106.698459489774,0.0511197970220341,0.0478933342033184,0.0543750384157877,0.8,"median","qi"
"Cyprus",107.380311845999,0.0511337752592103,0.0478830844877405,0.054421648312513,0.8,"median","qi"
"Cyprus",108.062164202223,0.0511341433868733,0.0478587628556382,0.0544708552862229,0.8,"median","qi"
"Cyprus",108.744016558448,0.0511348026632037,0.0478217128259705,0.0545247830155168,0.8,"median","qi"
"Cyprus",109.425868914673,0.0511314707539911,0.0477905708507619,0.0545738022501918,0.8,"median","qi"
"Cyprus",110.107721270897,0.0511476487988135,0.0477448644687616,0.054597715061416,0.8,"median","qi"
"Cyprus",110.789573627122,0.0511386479117996,0.0477131323581258,0.0546505853725357,0.8,"median","qi"
"Cyprus",111.471425983346,0.0511316447414438,0.0476604406634022,0.0546791253483212,0.8,"median","qi"
"Cyprus",112.153278339571,0.051120435638698,0.047613183491272,0.0547090542813683,0.8,"median","qi"
"Cyprus",112.835130695796,0.0511040208166719,0.0475716508978554,0.0547501264557559,0.8,"median","qi"
"Cyprus",113.51698305202,0.0510848228346879,0.047532149361486,0.0547782626907376,0.8,"median","qi"
"Cyprus",114.198835408245,0.0510678059206479,0.0474682929220281,0.054800366356107,0.8,"median","qi"
"Cyprus",114.880687764469,0.0510433203508786,0.0474027352344027,0.0548151631480292,0.8,"median","qi"
"Cyprus",115.562540120694,0.05101740487705,0.0473333641052556,0.0548231138094369,0.8,"median","qi"
"Cyprus",116.244392476919,0.0509888421005689,0.0472734584903699,0.0548141848805734,0.8,"median","qi"
"Cyprus",116.926244833143,0.05095952430137,0.0471826783442421,0.0548398528909132,0.8,"median","qi"
"Cyprus",117.608097189368,0.050920490690332,0.0471066330116557,0.0548532667941084,0.8,"median","qi"
"Cyprus",118.289949545592,0.0508798565324987,0.0470179508402968,0.0548620796156628,0.8,"median","qi"
"Cyprus",118.971801901817,0.050838713489482,0.0469315091594701,0.0548562426280172,0.8,"median","qi"
"Cyprus",119.653654258041,0.0507929784431708,0.046862916707627,0.0548591013786744,0.8,"median","qi"
"Cyprus",120.335506614266,0.0507441157350766,0.0467850680934386,0.0548519695119557,0.8,"median","qi"
"Cyprus",121.017358970491,0.0506952111843097,0.0467074302397833,0.0548349190200981,0.8,"median","qi"
"Cyprus",121.699211326715,0.0506384806782014,0.0466211555259634,0.0548047800251206,0.8,"median","qi"
"Cyprus",122.38106368294,0.0505721345353149,0.0465463617613075,0.0547749568739679,0.8,"median","qi"
"Cyprus",123.062916039164,0.0505200423845876,0.046452576706748,0.0547538709869495,0.8,"median","qi"
"Cyprus",123.744768395389,0.0504523877954601,0.0463533497747036,0.054715209495334,0.8,"median","qi"
"Cyprus",124.426620751614,0.0503891304805549,0.0462470642297797,0.0546804410831549,0.8,"median","qi"
"Cyprus",125.108473107838,0.0503168166019822,0.0461438591752668,0.0546345034385482,0.8,"median","qi"
"Cyprus",125.790325464063,0.0502395816393716,0.0460511516779441,0.0545892359559495,0.8,"median","qi"
"Cyprus",126.472177820287,0.0501624232285666,0.0459596722267037,0.0545315458903142,0.8,"median","qi"
"Cyprus",127.154030176512,0.0500877416949064,0.0458640268259586,0.0544755959900664,0.8,"median","qi"
"Cyprus",127.835882532736,0.0500060722318683,0.0457611123694924,0.0544376923256156,0.8,"median","qi"
"Cyprus",128.517734888961,0.0499312144701681,0.0456600841346083,0.0543876932393833,0.8,"median","qi"
"Cyprus",129.199587245186,0.0498537662576807,0.0455592782591823,0.0543295935824197,0.8,"median","qi"
"Cyprus",129.88143960141,0.0497775831341292,0.0454701412323369,0.0542685582463035,0.8,"median","qi"
"Cyprus",130.563291957635,0.0497028436306049,0.0453776453028827,0.0542108183645511,0.8,"median","qi"
"Cyprus",131.245144313859,0.0496163480800229,0.0452973553232644,0.0541309531855372,0.8,"median","qi"
"Cyprus",131.926996670084,0.0495378061489747,0.0452123116018319,0.0540461384841152,0.8,"median","qi"
"Cyprus",132.608849026309,0.0494571512862858,0.0451075140601308,0.0539875312896479,0.8,"median","qi"
"Cyprus",133.290701382533,0.0493715785838684,0.0450222119834353,0.0539185371505662,0.8,"median","qi"
"Cyprus",133.972553738758,0.0492849414531204,0.0449337562193885,0.0538415433668352,0.8,"median","qi"
"Cyprus",134.654406094982,0.0492013431726318,0.044875516220438,0.0537408667144813,0.8,"median","qi"
"Cyprus",135.336258451207,0.0491209797893788,0.0448019777295786,0.0536579900332118,0.8,"median","qi"
"Cyprus",136.018110807432,0.0490393662300901,0.0447215892272132,0.0535535408172428,0.8,"median","qi"
"Cyprus",136.699963163656,0.0489524432063804,0.0446644246412632,0.0534832376837435,0.8,"median","qi"
"Cyprus",137.381815519881,0.0488910352203713,0.0445798111749535,0.0533780176509259,0.8,"median","qi"
"Cyprus",138.063667876105,0.0488105842421704,0.0445406694867275,0.0532975199112569,0.8,"median","qi"
"Cyprus",138.74552023233,0.0487569854732703,0.0444794062820813,0.0532227814060798,0.8,"median","qi"
"Cyprus",139.427372588554,0.0486998158593026,0.0444465016373718,0.0531434678324918,0.8,"median","qi"
"Cyprus",140.109224944779,0.0486382640864887,0.0444068131288807,0.0530563065954255,0.8,"median","qi"
"Cyprus",140.791077301004,0.0485838636151339,0.0443614079369007,0.0530167274352442,0.8,"median","qi"
"Cyprus",141.472929657228,0.0485430386774857,0.0443165748859695,0.0529606545964674,0.8,"median","qi"
"Cyprus",142.154782013453,0.0484974140373379,0.0442817188212658,0.0529217070801274,0.8,"median","qi"
"Cyprus",142.836634369677,0.0484447198110464,0.0442359824943841,0.0528793255911933,0.8,"median","qi"
"Cyprus",143.518486725902,0.0484071322089092,0.0442130144531584,0.0528543419302272,0.8,"median","qi"
"Cyprus",144.200339082127,0.0483848367290706,0.0441768079984173,0.0528343362090579,0.8,"median","qi"
"Cyprus",144.882191438351,0.0483500445509651,0.0441423018309048,0.0528443840764899,0.8,"median","qi"
"Cyprus",145.564043794576,0.048332769919305,0.044086329359135,0.0528949498797576,0.8,"median","qi"
"Cyprus",146.2458961508,0.0483176284235172,0.0440132328258632,0.0529229927677596,0.8,"median","qi"
"Cyprus",146.927748507025,0.0483002064166479,0.0439457169837745,0.0529824598880744,0.8,"median","qi"
"Cyprus",147.60960086325,0.0483102940207054,0.0438842130404976,0.0530566361640148,0.8,"median","qi"
"Lyon",11.9415001235522,0.141670322795631,0.130326024293518,0.156628971147439,0.8,"median","qi"
"Lyon",13.852966462087,0.143372709647048,0.133555675858238,0.159134173711194,0.8,"median","qi"
"Lyon",15.7644328006218,0.14496489667828,0.136184497314092,0.161574143078689,0.8,"median","qi"
"Lyon",17.6758991391567,0.146210013543269,0.138034349739586,0.163474880439334,0.8,"median","qi"
"Lyon",19.5873654776915,0.146855403739816,0.138918194977203,0.164351764502866,0.8,"median","qi"
"Lyon",21.4988318162263,0.146653315010936,0.138861545373055,0.163778545636305,0.8,"median","qi"
"Lyon",23.4102981547611,0.145313156343982,0.137432682651345,0.161700000288054,0.8,"median","qi"
"Lyon",25.3217644932959,0.142877732808307,0.134702517930382,0.157994480284691,0.8,"median","qi"
"Lyon",27.2332308318308,0.139109559253848,0.130255580427685,0.152879372782071,0.8,"median","qi"
"Lyon",29.1446971703656,0.134268559404362,0.123901642933149,0.146385306134984,0.8,"median","qi"
"Lyon",31.0561635089004,0.12824879205376,0.115513465101114,0.139188786305385,0.8,"median","qi"
"Lyon",32.9676298474352,0.12075904979867,0.105354342140919,0.131761367150481,0.8,"median","qi"
"Lyon",34.87909618597,0.111998090673715,0.0935938125803657,0.12444620983784,0.8,"median","qi"
"Lyon",36.7905625245048,0.102055108968967,0.0807325516996334,0.117280649716254,0.8,"median","qi"
"Lyon",38.7020288630397,0.0911858870120752,0.0666592414667369,0.10964372634241,0.8,"median","qi"
"Lyon",40.6134952015745,0.079756011216694,0.0522550790667304,0.101669060120209,0.8,"median","qi"
"Lyon",42.5249615401093,0.0680084947198837,0.0379447748741805,0.0933307046220285,0.8,"median","qi"
"Lyon",44.4364278786441,0.0561014216295277,0.0237401096034037,0.0846146643674097,0.8,"median","qi"
"Lyon",46.3478942171789,0.0441833428564546,0.00976954536617564,0.0758789204582426,0.8,"median","qi"
"Lyon",48.2593605557138,0.0325236939356846,0,0.0668096912819504,0.8,"median","qi"
"Lyon",50.1708268942486,0.0212372394894098,0,0.0578158740762825,0.8,"median","qi"
"Lyon",52.0822932327834,0.0102148233161091,0,0.0487045243375458,0.8,"median","qi"
"Lyon",53.9937595713182,0,0,0.0395785164162653,0.8,"median","qi"
"Lyon",55.905225909853,0,0,0.0307015720550054,0.8,"median","qi"
"Lyon",57.8166922483878,0,0,0.0218082943889844,0.8,"median","qi"
"Lyon",59.7281585869227,0,0,0.0135561244089014,0.8,"median","qi"
"Lyon",61.6396249254575,0,0,0.00580709212681457,0.8,"median","qi"
"Lyon",63.5510912639923,0,0,0,0.8,"median","qi"
"Lyon",65.4625576025271,0,0,0,0.8,"median","qi"
"Lyon",67.3740239410619,0,0,0,0.8,"median","qi"
"Lyon",69.2854902795967,0,0,0,0.8,"median","qi"
"Lyon",71.1969566181316,0,0,0,0.8,"median","qi"
"Lyon",73.1084229566664,0,0,0,0.8,"median","qi"
"Lyon",75.0198892952012,0,0,0,0.8,"median","qi"
"Lyon",76.931355633736,0,0,0,0.8,"median","qi"
"Lyon",78.8428219722708,0,0,0,0.8,"median","qi"
"Lyon",80.7542883108056,0,0,0,0.8,"median","qi"
"Lyon",82.6657546493405,0,0,0,0.8,"median","qi"
"Lyon",84.5772209878753,0,0,0,0.8,"median","qi"
"Lyon",86.4886873264101,0,0,0,0.8,"median","qi"
"Lyon",88.4001536649449,0,0,0,0.8,"median","qi"
"Lyon",90.3116200034798,0,0,0,0.8,"median","qi"
"Lyon",92.2230863420146,0,0,0,0.8,"median","qi"
"Lyon",94.1345526805494,0,0,0,0.8,"median","qi"
"Lyon",96.0460190190842,0,0,0,0.8,"median","qi"
"Lyon",97.957485357619,0,0,0,0.8,"median","qi"
"Lyon",99.8689516961538,0,0,0,0.8,"median","qi"
"Lyon",101.780418034689,0,0,0,0.8,"median","qi"
"Lyon",103.691884373223,0,0,0,0.8,"median","qi"
"Lyon",105.603350711758,0,0,0,0.8,"median","qi"
"Lyon",107.514817050293,0,0,0,0.8,"median","qi"
"Lyon",109.426283388828,0,0,0,0.8,"median","qi"
"Lyon",111.337749727363,0,0,0,0.8,"median","qi"
"Lyon",113.249216065898,0,0,0,0.8,"median","qi"
"Lyon",115.160682404432,0,0,0,0.8,"median","qi"
"Lyon",117.072148742967,0,0,0,0.8,"median","qi"
"Lyon",118.983615081502,0,0,0,0.8,"median","qi"
"Lyon",120.895081420037,0,0,0,0.8,"median","qi"
"Lyon",122.806547758572,0,0,0,0.8,"median","qi"
"Lyon",124.718014097106,0,0,0,0.8,"median","qi"
"Lyon",126.629480435641,0,0,0,0.8,"median","qi"
"Lyon",128.540946774176,0,0,0,0.8,"median","qi"
"Lyon",130.452413112711,0,0,0,0.8,"median","qi"
"Lyon",132.363879451246,0,0,0,0.8,"median","qi"
"Lyon",134.275345789781,0,0,0,0.8,"median","qi"
"Lyon",136.186812128315,0,0,0,0.8,"median","qi"
"Lyon",138.09827846685,0,0,0,0.8,"median","qi"
"Lyon",140.009744805385,0,0,0,0.8,"median","qi"
"Lyon",141.92121114392,0,0,0,0.8,"median","qi"
"Lyon",143.832677482455,0,0,0,0.8,"median","qi"
"Lyon",145.744143820989,0,0,0,0.8,"median","qi"
"Lyon",147.655610159524,0,0,0,0.8,"median","qi"
"Lyon",149.567076498059,0,0,0,0.8,"median","qi"
"Lyon",151.478542836594,0,0,0,0.8,"median","qi"
"Lyon",153.390009175129,0,0,0,0.8,"median","qi"
"Lyon",155.301475513664,0,0,0,0.8,"median","qi"
"Lyon",157.212941852198,0,0,0,0.8,"median","qi"
"Lyon",159.124408190733,0,0,0,0.8,"median","qi"
"Lyon",161.035874529268,0,0,0,0.8,"median","qi"
"Lyon",162.947340867803,0,0,0,0.8,"median","qi"
"Lyon",164.858807206338,0,0,0,0.8,"median","qi"
"Lyon",166.770273544872,0,0,0,0.8,"median","qi"
"Lyon",168.681739883407,0,0,0,0.8,"median","qi"
"Lyon",170.593206221942,0,0,0,0.8,"median","qi"
"Lyon",172.504672560477,0,0,0.00483716465251099,0.8,"median","qi"
"Lyon",174.416138899012,0,0,0.0136580860776352,0.8,"median","qi"
"Lyon",176.327605237547,0,0,0.0226006137160423,0.8,"median","qi"
"Lyon",178.239071576081,0,0,0.0314910643813512,0.8,"median","qi"
"Lyon",180.150537914616,0,0,0.0400266897613104,0.8,"median","qi"
"Lyon",182.062004253151,0,0,0.0482449500927828,0.8,"median","qi"
"Lyon",183.973470591686,0,0,0.0570972671135036,0.8,"median","qi"
"Lyon",185.884936930221,0,0,0.0651815090700635,0.8,"median","qi"
"Lyon",187.796403268755,0,0,0.0738046582622181,0.8,"median","qi"
"Lyon",189.70786960729,0,0,0.0830737554510841,0.8,"median","qi"
"Lyon",191.619335945825,0,0,0.0922963615708707,0.8,"median","qi"
"Lyon",193.53080228436,0,0,0.101659840562877,0.8,"median","qi"
"Lyon",195.442268622895,0,0,0.111232265739032,0.8,"median","qi"
"Lyon",197.35373496143,0,0,0.120770871160085,0.8,"median","qi"
"Lyon",199.265201299964,0,0,0.130355982680006,0.8,"median","qi"
"Lyon",201.176667638499,0,0,0.139028585938071,0.8,"median","qi"
"Lyon",203.088133977034,0,0,0.148340305829957,0.8,"median","qi"
"Lyon",204.999600315569,0,0,0.157154141083283,0.8,"median","qi"
"Lyon",206.911066654104,0,0,0.165427710426594,0.8,"median","qi"
"Lyon",208.822532992638,0,0,0.17338307165251,0.8,"median","qi"
"Lyon",210.733999331173,0,0,0.181103326996929,0.8,"median","qi"
"Lyon",212.645465669708,0,0,0.188306570317758,0.8,"median","qi"
"Lyon",214.556932008243,0,0,0.195152294615194,0.8,"median","qi"
"Lyon",216.468398346778,0,0,0.201625007022755,0.8,"median","qi"
"Lyon",218.379864685313,0,0,0.207258523986136,0.8,"median","qi"
"Lyon",220.291331023847,0,0,0.212564205453686,0.8,"median","qi"
"Lyon",222.202797362382,0,0,0.21721593963811,0.8,"median","qi"
"Lyon",224.114263700917,0,0,0.222169238539793,0.8,"median","qi"
"Lyon",226.025730039452,0,0,0.226226054373563,0.8,"median","qi"
"Lyon",227.937196377987,0,0,0.229724209319042,0.8,"median","qi"
"Lyon",229.848662716521,0,0,0.232165282137195,0.8,"median","qi"
"Lyon",231.760129055056,0,0,0.234343870851637,0.8,"median","qi"
"Lyon",233.671595393591,0,0,0.235822074776923,0.8,"median","qi"
"Lyon",235.583061732126,0,0,0.236832901979353,0.8,"median","qi"
"Lyon",237.494528070661,0,0,0.237191665075257,0.8,"median","qi"
"Lyon",239.405994409196,0,0,0.237410827854177,0.8,"median","qi"
"Lyon",241.31746074773,0,0,0.23677867033211,0.8,"median","qi"
"Lyon",243.228927086265,0,0,0.235314382357313,0.8,"median","qi"
"Lyon",245.1403934248,0,0,0.232771216028781,0.8,"median","qi"
"Lyon",247.051859763335,0,0,0.229706388120261,0.8,"median","qi"
"Lyon",248.96332610187,0,0,0.226004180572827,0.8,"median","qi"
"Lyon",250.874792440404,0,0,0.221486971439104,0.8,"median","qi"
"Lyon",252.786258778939,0,0,0.216701106290646,0.8,"median","qi"
"Lyon",254.697725117474,0,0,0.210332277550333,0.8,"median","qi"
"Lyon",256.609191456009,0,0,0.204101119078269,0.8,"median","qi"
"Lyon",258.520657794544,0,0,0.196662512467558,0.8,"median","qi"
"Lyon",260.432124133079,0,0,0.189071156431735,0.8,"median","qi"
"Lyon",262.343590471613,0,0,0.180442222922727,0.8,"median","qi"
"Lyon",264.255056810148,0,0,0.171096017732493,0.8,"median","qi"
"Lyon",266.166523148683,0,0,0.161400447866706,0.8,"median","qi"
"Lyon",268.077989487218,0,0,0.151062183037872,0.8,"median","qi"
"Lyon",269.989455825753,0,0,0.140426324457774,0.8,"median","qi"
"Lyon",271.900922164287,0,0,0.129377033231872,0.8,"median","qi"
"Lyon",273.812388502822,0,0,0.117532637060729,0.8,"median","qi"
"Lyon",275.723854841357,0,0,0.10565660823727,0.8,"median","qi"
"Lyon",277.635321179892,0,0,0.0931605559332597,0.8,"median","qi"
"Lyon",279.546787518427,0,0,0.0801374106584016,0.8,"median","qi"
"Lyon",281.458253856962,0,0,0.0673337649552142,0.8,"median","qi"
"Lyon",283.369720195496,0,0,0.0542641257904251,0.8,"median","qi"
"Lyon",285.281186534031,0,0,0.0404696290704976,0.8,"median","qi"
"Lyon",287.192652872566,0,0,0.027341067150058,0.8,"median","qi"
"Lyon",289.104119211101,0,0,0.0138581083059719,0.8,"median","qi"
"Lyon",291.015585549636,0,0,0,0.8,"median","qi"
"Lyon",292.92705188817,0,0,0,0.8,"median","qi"
"Lyon",294.838518226705,0,0,0,0.8,"median","qi"
"Lyon",296.74998456524,0,0,0,0.8,"median","qi"
"Lyon",298.661450903775,0,0,0,0.8,"median","qi"
"Lyon",300.57291724231,0,0,0,0.8,"median","qi"
"Lyon",302.484383580845,0,0,0,0.8,"median","qi"
"Lyon",304.395849919379,0,0,0,0.8,"median","qi"
"Lyon",306.307316257914,0,0,0,0.8,"median","qi"
"Lyon",308.218782596449,0,0,0,0.8,"median","qi"
"Lyon",310.130248934984,0,0,0,0.8,"median","qi"
"Lyon",312.041715273519,0,0,0,0.8,"median","qi"
"Lyon",313.953181612053,0,0,0,0.8,"median","qi"
"Lyon",315.864647950588,0,0,0,0.8,"median","qi"
"Lyon",317.776114289123,0,0,0,0.8,"median","qi"
"Lyon",319.687580627658,0,0,0,0.8,"median","qi"
"Lyon",321.599046966193,0,0,0,0.8,"median","qi"
"Lyon",323.510513304728,0,0,0,0.8,"median","qi"
"Lyon",325.421979643262,0,0,0,0.8,"median","qi"
"Lyon",327.333445981797,0,0,0,0.8,"median","qi"
"Lyon",329.244912320332,0,0,0,0.8,"median","qi"
"Lyon",331.156378658867,0,0,0,0.8,"median","qi"
"Lyon",333.067844997402,0,0,0,0.8,"median","qi"
"Lyon",334.979311335936,0,0,0,0.8,"median","qi"
"Lyon",336.890777674471,0,0,0,0.8,"median","qi"
"Lyon",338.802244013006,0,0,0,0.8,"median","qi"
"Lyon",340.713710351541,0,0,0,0.8,"median","qi"
"Lyon",342.625176690076,0,0,0,0.8,"median","qi"
"Lyon",344.536643028611,0,0,0,0.8,"median","qi"
"Lyon",346.448109367145,0,0,0,0.8,"median","qi"
"Lyon",348.35957570568,0,0,0,0.8,"median","qi"
"Lyon",350.271042044215,0,0,0,0.8,"median","qi"
"Lyon",352.18250838275,0,0,0,0.8,"median","qi"
"Lyon",354.093974721285,0,0,0,0.8,"median","qi"
"Lyon",356.005441059819,0,0,0,0.8,"median","qi"
"Lyon",357.916907398354,0,0,0,0.8,"median","qi"
"Lyon",359.828373736889,0,0,0,0.8,"median","qi"
"Lyon",361.739840075424,0,0,0,0.8,"median","qi"
"Lyon",363.651306413959,0,0,0,0.8,"median","qi"
"Lyon",365.562772752494,0,0,0,0.8,"median","qi"
"Lyon",367.474239091028,0,0,0,0.8,"median","qi"
"Lyon",369.385705429563,0,0,0.0138146406438608,0.8,"median","qi"
"Lyon",371.297171768098,0,0,0.0327729960131327,0.8,"median","qi"
"Lyon",373.208638106633,0,0,0.0519667353418905,0.8,"median","qi"
"Lyon",375.120104445168,0,0,0.0714974374926988,0.8,"median","qi"
"Lyon",377.031570783702,0,0,0.0914782836505959,0.8,"median","qi"
"Lyon",378.943037122237,0,0,0.111804332831784,0.8,"median","qi"
"Lyon",380.854503460772,0,0,0.131896881520815,0.8,"median","qi"
"Lyon",382.765969799307,0,0,0.152709707287549,0.8,"median","qi"
"Lyon",384.677436137842,0,0,0.173445534557054,0.8,"median","qi"
"Lyon",386.588902476377,0,0,0.195073510287749,0.8,"median","qi"
"Lyon",388.500368814911,0,0,0.21758860055652,0.8,"median","qi"
"Lyon",390.411835153446,0,0,0.239314857720027,0.8,"median","qi"
"Lyon",392.323301491981,0,0,0.261219047190198,0.8,"median","qi"
