"Box","N_P","y","ymin","ymax",".width",".point",".interval"
"Adriatic",28.6940421994129,0.100949311162838,0.081956313049688,0.120575622322095,0.8,"median","qi"
"Adriatic",30.504413408988,0.10133827031477,0.0831384097582503,0.120020265665063,0.8,"median","qi"
"Adriatic",32.3147846185631,0.101700951348654,0.0842101643107193,0.11925579310542,0.8,"median","qi"
"Adriatic",34.1251558281382,0.102186857418424,0.0852168634251318,0.118652104082344,0.8,"median","qi"
"Adriatic",35.9355270377133,0.102536761713369,0.0862011771445914,0.11852888082811,0.8,"median","qi"
"Adriatic",37.7458982472884,0.102956360258831,0.087207147011875,0.11857673710743,0.8,"median","qi"
"Adriatic",39.5562694568635,0.103554121855527,0.0882300211481306,0.118405576687838,0.8,"median","qi"
"Adriatic",41.3666406664387,0.104110285355436,0.089250689887643,0.118531154452064,0.8,"median","qi"
"Adriatic",43.1770118760138,0.104716776100551,0.0899860637835821,0.118933348901467,0.8,"median","qi"
"Adriatic",44.9873830855889,0.105550420270554,0.0908303350975327,0.119434280929577,0.8,"median","qi"
"Adriatic",46.797754295164,0.106359203571977,0.0918853480622528,0.120049900027103,0.8,"median","qi"
"Adriatic",48.6081255047391,0.107239595113709,0.0930083706687711,0.120725162683525,0.8,"median","qi"
"Adriatic",50.4184967143142,0.108245614085754,0.0938369994115912,0.121454704167295,0.8,"median","qi"
"Adriatic",52.2288679238893,0.109180409913452,0.0949330587056967,0.122238177003619,0.8,"median","qi"
"Adriatic",54.0392391334644,0.110191980305617,0.0960195678049029,0.123214028264061,0.8,"median","qi"
"Adriatic",55.8496103430396,0.111213884222099,0.0970365785011671,0.12403780511894,0.8,"median","qi"
"Adriatic",57.6599815526147,0.112284522643387,0.0982051555005373,0.125048643838341,0.8,"median","qi"
"Adriatic",59.4703527621898,0.113597449326948,0.0993141701086282,0.126115540258395,0.8,"median","qi"
"Adriatic",61.2807239717649,0.114711247691703,0.100462695091028,0.127464584081033,0.8,"median","qi"
"Adriatic",63.09109518134,0.115872466797955,0.1017378072516,0.128525442253311,0.8,"median","qi"
"Adriatic",64.9014663909151,0.11708697878891,0.103064082147578,0.12973954483118,0.8,"median","qi"
"Adriatic",66.7118376004902,0.118209456866122,0.104298296128214,0.130895110102365,0.8,"median","qi"
"Adriatic",68.5222088100654,0.119407673998808,0.105523244557131,0.132079832092465,0.8,"median","qi"
"Adriatic",70.3325800196405,0.120573137312434,0.106726641237243,0.133216510011328,0.8,"median","qi"
"Adriatic",72.1429512292156,0.121634226028697,0.107879002861921,0.134246059832626,0.8,"median","qi"
"Adriatic",73.9533224387907,0.122679838976943,0.109108779775695,0.135169398873905,0.8,"median","qi"
"Adriatic",75.7636936483658,0.123611117580411,0.110134481103397,0.13606412452978,0.8,"median","qi"
"Adriatic",77.5740648579409,0.124516599610551,0.11112347385923,0.136919104325972,0.8,"median","qi"
"Adriatic",79.384436067516,0.125365233716868,0.112020958835781,0.137695010989158,0.8,"median","qi"
"Adriatic",81.1948072770912,0.125992872508483,0.112735997944312,0.138479764622034,0.8,"median","qi"
"Adriatic",83.0051784866663,0.126575786685477,0.113597097643695,0.139052817852668,0.8,"median","qi"
"Adriatic",84.8155496962414,0.127089009574867,0.114173572571474,0.139571127726394,0.8,"median","qi"
"Adriatic",86.6259209058165,0.127569213312639,0.114709588796454,0.139940024613964,0.8,"median","qi"
"Adriatic",88.4362921153916,0.12780660652377,0.115141114658658,0.140200393436335,0.8,"median","qi"
"Adriatic",90.2466633249667,0.128061596837795,0.115506323967219,0.140226552461069,0.8,"median","qi"
"Adriatic",92.0570345345418,0.128098365188393,0.11569684583267,0.140053023013047,0.8,"median","qi"
"Adriatic",93.867405744117,0.128012165515898,0.115879566833562,0.139846503466848,0.8,"median","qi"
"Adriatic",95.6777769536921,0.127888098075442,0.116072768627875,0.139490243036725,0.8,"median","qi"
"Adriatic",97.4881481632672,0.127690234450728,0.116207304813176,0.139073962087026,0.8,"median","qi"
"Adriatic",99.2985193728423,0.127441333167021,0.116003904722056,0.13841794157595,0.8,"median","qi"
"Adriatic",101.108890582417,0.127146423548032,0.115872752055069,0.137852544705036,0.8,"median","qi"
"Adriatic",102.919261791993,0.126728089575,0.115777694977978,0.137214694972969,0.8,"median","qi"
"Adriatic",104.729633001568,0.126204083927666,0.115464407397181,0.13662341946962,0.8,"median","qi"
"Adriatic",106.540004211143,0.125639975229863,0.114965773931632,0.136101530295801,0.8,"median","qi"
"Adriatic",108.350375420718,0.125068010235753,0.114662126288792,0.135337035807869,0.8,"median","qi"
"Adriatic",110.160746630293,0.124355567116997,0.114234504478815,0.134601251252404,0.8,"median","qi"
"Adriatic",111.971117839868,0.12375631729825,0.113901082413647,0.133764157195334,0.8,"median","qi"
"Adriatic",113.781489049443,0.123198037883348,0.113247474654807,0.132968740121936,0.8,"median","qi"
"Adriatic",115.591860259018,0.122390956331203,0.11264357636532,0.13216180071321,0.8,"median","qi"
"Adriatic",117.402231468593,0.121798569350349,0.11228572140169,0.131433325218375,0.8,"median","qi"
"Adriatic",119.212602678169,0.121156217854712,0.111720150700846,0.130701042147919,0.8,"median","qi"
"Adriatic",121.022973887744,0.120491790637373,0.111016581731493,0.129881712462302,0.8,"median","qi"
"Adriatic",122.833345097319,0.119877413508562,0.110484623131858,0.129181668310073,0.8,"median","qi"
"Adriatic",124.643716306894,0.119320823050584,0.10988736352977,0.128443718054194,0.8,"median","qi"
"Adriatic",126.454087516469,0.118819000614179,0.109432304005166,0.127750290462645,0.8,"median","qi"
"Adriatic",128.264458726044,0.118245035771361,0.108926524676889,0.127036147708344,0.8,"median","qi"
"Adriatic",130.074829935619,0.11774377673806,0.108527456824433,0.126320668986482,0.8,"median","qi"
"Adriatic",131.885201145194,0.117249979681294,0.108227602180667,0.125713730958063,0.8,"median","qi"
"Adriatic",133.695572354769,0.116883182189196,0.107849727435236,0.125175128622335,0.8,"median","qi"
"Adriatic",135.505943564345,0.116462393047859,0.107599798381456,0.124620135226526,0.8,"median","qi"
"Adriatic",137.31631477392,0.116120308931416,0.107400831762094,0.12408811546092,0.8,"median","qi"
"Adriatic",139.126685983495,0.115805430801343,0.107187886749376,0.123546346297742,0.8,"median","qi"
"Adriatic",140.93705719307,0.11541785259551,0.10703560511744,0.123112094728231,0.8,"median","qi"
"Adriatic",142.747428402645,0.115145297111394,0.106795243956839,0.12265769590742,0.8,"median","qi"
"Adriatic",144.55779961222,0.114884200937459,0.106666431104759,0.122171104332266,0.8,"median","qi"
"Adriatic",146.368170821795,0.11456685828589,0.106511495029504,0.121697150394992,0.8,"median","qi"
"Adriatic",148.17854203137,0.114253674906072,0.106278743311178,0.121242148884724,0.8,"median","qi"
"Adriatic",149.988913240945,0.113872392230858,0.106112487122238,0.120894643894753,0.8,"median","qi"
"Adriatic",151.799284450521,0.113604152198738,0.105967825284655,0.120493789832386,0.8,"median","qi"
"Adriatic",153.609655660096,0.113344812768637,0.105888409737761,0.120076419791456,0.8,"median","qi"
"Adriatic",155.420026869671,0.113061518597384,0.105677696922938,0.119567480470472,0.8,"median","qi"
"Adriatic",157.230398079246,0.112819535881175,0.105460324278875,0.119106873681686,0.8,"median","qi"
"Adriatic",159.040769288821,0.112519212733565,0.105237375426216,0.118668545751983,0.8,"median","qi"
"Adriatic",160.851140498396,0.112113844828149,0.104989778801467,0.118243483230684,0.8,"median","qi"
"Adriatic",162.661511707971,0.111740573136999,0.104632805845145,0.117910112148559,0.8,"median","qi"
"Adriatic",164.471882917546,0.11143326525029,0.104377581026328,0.11747074440358,0.8,"median","qi"
"Adriatic",166.282254127121,0.110990669652593,0.103989413590935,0.11699082232708,0.8,"median","qi"
"Adriatic",168.092625336697,0.110566362548274,0.103515943644489,0.11654363877456,0.8,"median","qi"
"Adriatic",169.902996546272,0.110034586899478,0.103047289557739,0.116019109410468,0.8,"median","qi"
"Adriatic",171.713367755847,0.10953409446409,0.102485199276529,0.115517988947017,0.8,"median","qi"
"Adriatic",173.523738965422,0.108977942659754,0.101922635241416,0.114964468226817,0.8,"median","qi"
"Adriatic",175.334110174997,0.108392115783937,0.101273443204529,0.114432089907405,0.8,"median","qi"
"Adriatic",177.144481384572,0.107785684747839,0.100662439272619,0.113872220613307,0.8,"median","qi"
"Adriatic",178.954852594147,0.107125482767944,0.100046917460112,0.113261008331778,0.8,"median","qi"
"Adriatic",180.765223803722,0.106479060699117,0.0993266115909086,0.112600253482241,0.8,"median","qi"
"Adriatic",182.575595013298,0.105818002957558,0.0985961656033486,0.11194118111437,0.8,"median","qi"
"Adriatic",184.385966222873,0.105082804285626,0.0979363768935869,0.111369676242871,0.8,"median","qi"
"Adriatic",186.196337432448,0.104324712911867,0.0971650502716312,0.110630788052746,0.8,"median","qi"
"Adriatic",188.006708642023,0.103568518629682,0.0963322605877524,0.109990124446905,0.8,"median","qi"
"Adriatic",189.817079851598,0.102780329147116,0.095490008332632,0.109294584559999,0.8,"median","qi"
"Adriatic",191.627451061173,0.101981631389486,0.0946342035004511,0.108543377804702,0.8,"median","qi"
"Adriatic",193.437822270748,0.101228891528485,0.0937140130078391,0.107787940135991,0.8,"median","qi"
"Adriatic",195.248193480323,0.10042842037604,0.092811409199361,0.107002554808512,0.8,"median","qi"
"Adriatic",197.058564689898,0.0996299787560715,0.0919461861428406,0.106298237279079,0.8,"median","qi"
"Adriatic",198.868935899474,0.0988738688879985,0.0910847419704379,0.105618645915696,0.8,"median","qi"
"Adriatic",200.679307109049,0.0980953622346467,0.090152118068208,0.10479299145672,0.8,"median","qi"
"Adriatic",202.489678318624,0.0972287741645243,0.0892369808481335,0.104085031128388,0.8,"median","qi"
"Adriatic",204.300049528199,0.0964178322844067,0.0884784569283867,0.103393670094851,0.8,"median","qi"
"Adriatic",206.110420737774,0.0956592858743355,0.0875874449006367,0.102622917059857,0.8,"median","qi"
"Adriatic",207.920791947349,0.0947771368253888,0.0868673002839388,0.101879623943641,0.8,"median","qi"
"Adriatic",209.731163156924,0.0940066292431992,0.0861299527904318,0.101273137853924,0.8,"median","qi"
"Adriatic",211.541534366499,0.0933221016336331,0.0854459601701368,0.100705914672764,0.8,"median","qi"
"Adriatic",213.351905576074,0.0926349919235998,0.0846673274734494,0.100119810567209,0.8,"median","qi"
"Adriatic",215.16227678565,0.0919311177547932,0.0837122958735609,0.0994816416769638,0.8,"median","qi"
"Adriatic",216.972647995225,0.0912047397902045,0.0828975957945276,0.0989120147098189,0.8,"median","qi"
"Adriatic",218.7830192048,0.090563530602215,0.0821776419104587,0.0983505645143589,0.8,"median","qi"
"Adriatic",220.593390414375,0.0899080664925358,0.0815212843807422,0.0978233699797434,0.8,"median","qi"
"Adriatic",222.40376162395,0.0893151991803793,0.0808573013124089,0.0973346637504772,0.8,"median","qi"
"Adriatic",224.214132833525,0.088689861276289,0.080138041749564,0.0968796677097538,0.8,"median","qi"
"Adriatic",226.0245040431,0.0880855256015687,0.0794909228807126,0.0964007398982744,0.8,"median","qi"
"Adriatic",227.834875252675,0.0875857834916995,0.0788738647221656,0.096029046234759,0.8,"median","qi"
"Adriatic",229.64524646225,0.087100507828855,0.0783268275452137,0.0955580142170687,0.8,"median","qi"
"Adriatic",231.455617671826,0.0866610928279243,0.0777919850297813,0.0951945504459456,0.8,"median","qi"
"Adriatic",233.265988881401,0.0862497530667512,0.0773462129614691,0.094823970589054,0.8,"median","qi"
"Adriatic",235.076360090976,0.0858913588619808,0.0769756955120949,0.0944836105750205,0.8,"median","qi"
"Adriatic",236.886731300551,0.0855211677073421,0.0765741948072114,0.094134394765873,0.8,"median","qi"
"Adriatic",238.697102510126,0.0851253634155932,0.0761822716248217,0.0938351367417332,0.8,"median","qi"
"Adriatic",240.507473719701,0.0847864000387944,0.0757491458450825,0.0935692736376015,0.8,"median","qi"
"Adriatic",242.317844929276,0.0844506362469624,0.0754497365348273,0.0932348680256075,0.8,"median","qi"
"Adriatic",244.128216138851,0.0841704126657516,0.0751739461882545,0.0929811832268762,0.8,"median","qi"
"Adriatic",245.938587348426,0.0838714527558224,0.0749114467547255,0.0927455995915895,0.8,"median","qi"
"Adriatic",247.748958558002,0.0835981453484708,0.0746492822283777,0.0924544992594851,0.8,"median","qi"
"Adriatic",249.559329767577,0.0833543179402386,0.0743399275918805,0.09217564026357,0.8,"median","qi"
"Adriatic",251.369700977152,0.0831620534621223,0.0739851820572583,0.0919103974888129,0.8,"median","qi"
"Adriatic",253.180072186727,0.0829470923529914,0.0737600694553709,0.0916710519568981,0.8,"median","qi"
"Adriatic",254.990443396302,0.0827811919519369,0.0735472261492395,0.0914455300641862,0.8,"median","qi"
"Adriatic",256.800814605877,0.0825575248428395,0.0733193142984606,0.091333898880411,0.8,"median","qi"
"Adriatic",258.611185815452,0.0823781957730649,0.0731005861818571,0.0912004084335079,0.8,"median","qi"
"Adriatic",260.421557025027,0.0822227196513258,0.0728562869223204,0.0910068385865176,0.8,"median","qi"
"Adriatic",262.231928234602,0.0820952224884412,0.0725717728210016,0.090887084631986,0.8,"median","qi"
"Adriatic",264.042299444178,0.0818734669602,0.0723642025608663,0.0907634238291084,0.8,"median","qi"
"Adriatic",265.852670653753,0.0816510234634872,0.0721034233087498,0.0906658792586472,0.8,"median","qi"
"Adriatic",267.663041863328,0.0814850167688874,0.0719184028014828,0.0905362363634103,0.8,"median","qi"
"Adriatic",269.473413072903,0.0812922362983042,0.0716716221803394,0.0903461887312992,0.8,"median","qi"
"Adriatic",271.283784282478,0.0810403739870636,0.0714023642099425,0.0901781983172674,0.8,"median","qi"
"Adriatic",273.094155492053,0.0808534712238506,0.0711370916865148,0.0900407209728889,0.8,"median","qi"
"Adriatic",274.904526701628,0.0806445687766354,0.0708412917581619,0.0897792365624983,0.8,"median","qi"
"Adriatic",276.714897911203,0.0804906327310587,0.0705907814046687,0.0896241056143291,0.8,"median","qi"
"Adriatic",278.525269120779,0.0802772832060232,0.070236165373678,0.0895298445939772,0.8,"median","qi"
"Adriatic",280.335640330354,0.080063379824459,0.0699494654788821,0.0893677523575411,0.8,"median","qi"
"Adriatic",282.146011539929,0.0797814190550778,0.069571565830407,0.0893573293093821,0.8,"median","qi"
"Adriatic",283.956382749504,0.0794780750114187,0.0691778618981222,0.0892418728959328,0.8,"median","qi"
"Adriatic",285.766753959079,0.0792248291361146,0.0689126668024706,0.0891421161206758,0.8,"median","qi"
"Adriatic",287.577125168654,0.0789377638711343,0.0685670057471502,0.0889495389593569,0.8,"median","qi"
"Adriatic",289.387496378229,0.0787131502113146,0.0680751478239871,0.0887863068497282,0.8,"median","qi"
"Adriatic",291.197867587804,0.0784120813004476,0.0675811006013402,0.088584688033978,0.8,"median","qi"
"Adriatic",293.008238797379,0.0780569321888465,0.06712633761181,0.0883975844114917,0.8,"median","qi"
"Adriatic",294.818610006955,0.077639809563281,0.0666328288863372,0.0881689786180828,0.8,"median","qi"
"Adriatic",296.62898121653,0.0773083500157431,0.0662838446992523,0.0880398414123909,0.8,"median","qi"
"Adriatic",298.439352426105,0.0768864092499602,0.0657155882461662,0.0877755091774052,0.8,"median","qi"
"Adriatic",300.24972363568,0.0765709910967947,0.0652044613725111,0.0875215369212584,0.8,"median","qi"
"Adriatic",302.060094845255,0.0762883138630032,0.0646131924016112,0.0872851055508416,0.8,"median","qi"
"Adriatic",303.87046605483,0.0758455385951596,0.0642134475082334,0.0870974915282472,0.8,"median","qi"
"Adriatic",305.680837264405,0.0753239601092824,0.0637123866290414,0.0869249442916574,0.8,"median","qi"
"Adriatic",307.49120847398,0.0748924620586412,0.0632269193214794,0.0867388509696531,0.8,"median","qi"
"Adriatic",309.301579683555,0.074526783906176,0.0626542300204388,0.0864604373050854,0.8,"median","qi"
"Adriatic",311.111950893131,0.0740886587653688,0.0621282017345767,0.086295968773307,0.8,"median","qi"
"Adriatic",312.922322102706,0.073670849509416,0.0615076238518404,0.0859920681350827,0.8,"median","qi"
"Adriatic",314.732693312281,0.0732342780052265,0.0609923756304742,0.0856909722526449,0.8,"median","qi"
"Adriatic",316.543064521856,0.0727049360666757,0.0603623881306287,0.0854600885296384,0.8,"median","qi"
"Adriatic",318.353435731431,0.0722112201055005,0.0596280893481305,0.0852068104247463,0.8,"median","qi"
"Adriatic",320.163806941006,0.0717646945409486,0.0588824615475035,0.0847946971780034,0.8,"median","qi"
"Adriatic",321.974178150581,0.0713076494461177,0.0580820344051114,0.0845669967872075,0.8,"median","qi"
"Adriatic",323.784549360156,0.0707289992618607,0.0573260828029902,0.0840317610117668,0.8,"median","qi"
"Adriatic",325.594920569731,0.0701462415861812,0.056637516734162,0.0837104581931082,0.8,"median","qi"
"Adriatic",327.405291779307,0.0696236340907337,0.0558216206814007,0.0833823176659402,0.8,"median","qi"
"Adriatic",329.215662988882,0.0690823151581293,0.0550936143948408,0.0830918373130368,0.8,"median","qi"
"Adriatic",331.026034198457,0.0684009802884089,0.054132645860988,0.0825656159566826,0.8,"median","qi"
"Adriatic",332.836405408032,0.0677560657086108,0.0533604459994581,0.0825391353779649,0.8,"median","qi"
"Adriatic",334.646776617607,0.0671888368082078,0.0525656470009274,0.0822581556156552,0.8,"median","qi"
"Adriatic",336.457147827182,0.0666747660617907,0.0517421305145927,0.0819821265353238,0.8,"median","qi"
"Adriatic",338.267519036757,0.0660149188265235,0.0508501104776263,0.0816423045095676,0.8,"median","qi"
"Adriatic",340.077890246332,0.0654535105440876,0.0499065582272764,0.0811832872816521,0.8,"median","qi"
"Adriatic",341.888261455908,0.0648218969053897,0.0490341088830033,0.0808708099144248,0.8,"median","qi"
"Adriatic",343.698632665483,0.0641238529879928,0.0481467555215907,0.080537684887439,0.8,"median","qi"
"Adriatic",345.509003875058,0.0634795112059486,0.0471700173691531,0.0801391724303419,0.8,"median","qi"
"Adriatic",347.319375084633,0.0628303619596027,0.0461366259201996,0.0796715093840988,0.8,"median","qi"
"Adriatic",349.129746294208,0.0621227672418146,0.0452527188744584,0.0792483912769289,0.8,"median","qi"
"Adriatic",350.940117503783,0.0613685996828956,0.0442807996611741,0.0787327373607785,0.8,"median","qi"
"Adriatic",352.750488713358,0.0606121584775837,0.0435032383732842,0.078353335053749,0.8,"median","qi"
"Adriatic",354.560859922933,0.0600926076036318,0.0426585027322719,0.078145205425751,0.8,"median","qi"
"Adriatic",356.371231132508,0.0593276897064106,0.0418559240035886,0.07784430267517,0.8,"median","qi"
"Adriatic",358.181602342084,0.0585855422662664,0.0406276333522538,0.0773304216584418,0.8,"median","qi"
"Adriatic",359.991973551659,0.0579348486125868,0.0391441722021794,0.0769669838772434,0.8,"median","qi"
"Adriatic",361.802344761234,0.0573108736094192,0.0382263418919496,0.0767806767816296,0.8,"median","qi"
"Adriatic",363.612715970809,0.0565751807822055,0.0372528299774098,0.0764203275066443,0.8,"median","qi"
"Adriatic",365.423087180384,0.0558373712780638,0.0360608991234905,0.0760280310490994,0.8,"median","qi"
"Adriatic",367.233458389959,0.055164150884655,0.0348213800574551,0.0759391890310976,0.8,"median","qi"
"Adriatic",369.043829599534,0.0544831158104747,0.0337410217989707,0.0754946511489669,0.8,"median","qi"
"Adriatic",370.854200809109,0.0537864530358738,0.0325925445343347,0.0752098582257217,0.8,"median","qi"
"Adriatic",372.664572018685,0.0530847337493474,0.0315073484236852,0.0749074538206366,0.8,"median","qi"
"Adriatic",374.47494322826,0.0523636295040743,0.0305144578099404,0.074802682533884,0.8,"median","qi"
"Adriatic",376.285314437835,0.0515461664765208,0.0295738496791779,0.0745677717195773,0.8,"median","qi"
"Adriatic",378.09568564741,0.0508259991668955,0.0285204203867889,0.0742494999245536,0.8,"median","qi"
"Adriatic",379.906056856985,0.0500892858901678,0.0276226035431862,0.073932976374702,0.8,"median","qi"
"Adriatic",381.71642806656,0.0492853912396916,0.0264612240293656,0.073867995455014,0.8,"median","qi"
"Adriatic",383.526799276135,0.0486009245341571,0.0252366470386073,0.0736322378300193,0.8,"median","qi"
"Adriatic",385.33717048571,0.0478876659211545,0.0239172394122684,0.0732699041650342,0.8,"median","qi"
"Adriatic",387.147541695285,0.0471649016491967,0.0227648096235737,0.0728703513978732,0.8,"median","qi"
"Adriatic",388.95791290486,0.0464394593429617,0.0215675693918814,0.0724696564834722,0.8,"median","qi"
"Cyprus",35.8739416903311,0.0811393264347725,0.0638647161021491,0.0985426584897215,0.8,"median","qi"
"Cyprus",36.5862211241995,0.0799860122448258,0.0631940482353698,0.0966842466088228,0.8,"median","qi"
"Cyprus",37.2985005580679,0.0788052834231401,0.0622870789905206,0.0950719436701177,0.8,"median","qi"
"Cyprus",38.0107799919363,0.0776761744047144,0.0615616862765757,0.0935532120126862,0.8,"median","qi"
"Cyprus",38.7230594258046,0.0765082528338201,0.0608776227338825,0.0919959377971011,0.8,"median","qi"
"Cyprus",39.435338859673,0.0752853192672331,0.0599974490561596,0.0904589789919362,0.8,"median","qi"
"Cyprus",40.1476182935414,0.0741233994880517,0.0592320439511395,0.0887949239005757,0.8,"median","qi"
"Cyprus",40.8598977274098,0.0729659067595213,0.0583370127598362,0.0871552400440641,0.8,"median","qi"
"Cyprus",41.5721771612781,0.0716724648470568,0.0574042416264086,0.0855220390355878,0.8,"median","qi"
"Cyprus",42.2844565951465,0.0703699189744522,0.0561805637673541,0.0839075012231509,0.8,"median","qi"
"Cyprus",42.9967360290149,0.0692317870099854,0.0550944826353396,0.082354576313539,0.8,"median","qi"
"Cyprus",43.7090154628833,0.0680132601424672,0.0540024985918784,0.0807605871404971,0.8,"median","qi"
"Cyprus",44.4212948967517,0.0666905460748126,0.0528941334483979,0.079289700314087,0.8,"median","qi"
"Cyprus",45.13357433062,0.0653610576535871,0.0517961363828558,0.0777049178977374,0.8,"median","qi"
"Cyprus",45.8458537644884,0.0640828016272956,0.0507525160784158,0.0760996097252866,0.8,"median","qi"
"Cyprus",46.5581331983568,0.0627752219034086,0.0496506681620495,0.0745372145589439,0.8,"median","qi"
"Cyprus",47.2704126322252,0.0615309967384393,0.0485174561429198,0.0732041429436897,0.8,"median","qi"
"Cyprus",47.9826920660935,0.0602928671678354,0.0474789458602458,0.071831670328958,0.8,"median","qi"
"Cyprus",48.6949714999619,0.0591248045187618,0.0463593274241838,0.0704190548269824,0.8,"median","qi"
"Cyprus",49.4072509338303,0.0578316491387784,0.0451626934757921,0.0691149899264494,0.8,"median","qi"
"Cyprus",50.1195303676987,0.0566039235091985,0.044162127907784,0.0677422634827471,0.8,"median","qi"
"Cyprus",50.8318098015671,0.0554356673814925,0.0432216465050877,0.0664180924054662,0.8,"median","qi"
"Cyprus",51.5440892354354,0.0542810107489539,0.0421720523238185,0.0651493300093546,0.8,"median","qi"
"Cyprus",52.2563686693038,0.0530707808682403,0.0412478880685208,0.063749929834539,0.8,"median","qi"
"Cyprus",52.9686481031722,0.0519220393944638,0.0402540514125533,0.0624316610778807,0.8,"median","qi"
"Cyprus",53.6809275370406,0.0507048944706137,0.0393239998222029,0.0612756612569809,0.8,"median","qi"
"Cyprus",54.3932069709089,0.0494985726419961,0.0383031193239188,0.0601043623670067,0.8,"median","qi"
"Cyprus",55.1054864047773,0.0483368586717481,0.0372354995368669,0.0588869923664802,0.8,"median","qi"
"Cyprus",55.8177658386457,0.0472861988899727,0.0364138948795424,0.0575331824078752,0.8,"median","qi"
"Cyprus",56.5300452725141,0.0462411879619872,0.0354566605677225,0.0562956287897183,0.8,"median","qi"
"Cyprus",57.2423247063825,0.0452240523841136,0.0345967505132963,0.0551194599467662,0.8,"median","qi"
"Cyprus",57.9546041402508,0.0442208150842063,0.0337898753915833,0.0539392361283125,0.8,"median","qi"
"Cyprus",58.6668835741192,0.0432274099260351,0.033005635247543,0.0528340847102977,0.8,"median","qi"
"Cyprus",59.3791630079876,0.0422678478037923,0.0321557696480362,0.0517013755931077,0.8,"median","qi"
"Cyprus",60.091442441856,0.0413084719575908,0.0314131690949753,0.0506207829608786,0.8,"median","qi"
"Cyprus",60.8037218757243,0.0403848894269512,0.0306647119468209,0.0496050050899645,0.8,"median","qi"
"Cyprus",61.5160013095927,0.039438454852423,0.0300215726551119,0.0487210061810369,0.8,"median","qi"
"Cyprus",62.2282807434611,0.0386689416098463,0.029376693846073,0.047810607844438,0.8,"median","qi"
"Cyprus",62.9405601773295,0.0378957254413614,0.0287661306274922,0.0469049234116835,0.8,"median","qi"
"Cyprus",63.6528396111979,0.0370857913030281,0.0281748231937585,0.0460532009915476,0.8,"median","qi"
"Cyprus",64.3651190450662,0.0363923188934818,0.0275939007242358,0.0451550675435513,0.8,"median","qi"
"Cyprus",65.0773984789346,0.0357300685313604,0.0269468197531919,0.0442388810951342,0.8,"median","qi"
"Cyprus",65.789677912803,0.0350722781773028,0.0265604182790634,0.0434781014817565,0.8,"median","qi"
"Cyprus",66.5019573466714,0.0344198549391937,0.0260580231249339,0.0427580945639656,0.8,"median","qi"
"Cyprus",67.2142367805397,0.0338531107366996,0.0255172401182703,0.0420235554985,0.8,"median","qi"
"Cyprus",67.9265162144081,0.0333157084317998,0.0250834036243622,0.0413350323572455,0.8,"median","qi"
"Cyprus",68.6387956482765,0.0327848207570347,0.0247450015731443,0.0407066346256115,0.8,"median","qi"
"Cyprus",69.3510750821449,0.0323137630023829,0.0243886925259944,0.0401129213235374,0.8,"median","qi"
"Cyprus",70.0633545160133,0.0318966777041337,0.0240562646554823,0.039561757781696,0.8,"median","qi"
"Cyprus",70.7756339498817,0.0314551346907383,0.0238137521093785,0.038974966145814,0.8,"median","qi"
"Cyprus",71.48791338375,0.0310752495011976,0.0234894391712588,0.0385208807513075,0.8,"median","qi"
"Cyprus",72.2001928176184,0.0307075607579743,0.0233114532469472,0.0380452848745987,0.8,"median","qi"
"Cyprus",72.9124722514868,0.0303667598608023,0.0230847566879691,0.0375775254415486,0.8,"median","qi"
"Cyprus",73.6247516853552,0.0301101972912593,0.0229697992978152,0.0371605583234216,0.8,"median","qi"
"Cyprus",74.3370311192235,0.0298498886977348,0.0228721363197947,0.0368688516762023,0.8,"median","qi"
"Cyprus",75.0493105530919,0.0296204173268449,0.0227648675160929,0.0365458723406091,0.8,"median","qi"
"Cyprus",75.7615899869603,0.0294335082382761,0.0226686926939753,0.0362656108212771,0.8,"median","qi"
"Cyprus",76.4738694208287,0.0292821663431466,0.0226016789994116,0.0360439097015679,0.8,"median","qi"
"Cyprus",77.1861488546971,0.0291538585479417,0.0226203359946718,0.0357402011302311,0.8,"median","qi"
"Cyprus",77.8984282885654,0.0290628648833994,0.0226083435577876,0.0355106842833585,0.8,"median","qi"
"Cyprus",78.6107077224338,0.0289575251494046,0.0225954768159615,0.0353285892603207,0.8,"median","qi"
"Cyprus",79.3229871563022,0.028906808256412,0.0226938745992336,0.0352119394687172,0.8,"median","qi"
"Cyprus",80.0352665901706,0.0289220307229301,0.0227543869803644,0.0350263448951263,0.8,"median","qi"
"Cyprus",80.7475460240389,0.0288947564828649,0.0228011020753765,0.0350031929346473,0.8,"median","qi"
"Cyprus",81.4598254579073,0.0289421449983705,0.0229934967286074,0.0348943077014168,0.8,"median","qi"
"Cyprus",82.1721048917757,0.0289907906497118,0.0231628750630387,0.0348648515526612,0.8,"median","qi"
"Cyprus",82.8843843256441,0.029085744063028,0.0233688012916398,0.0349059913201648,0.8,"median","qi"
"Cyprus",83.5966637595125,0.0291749338107854,0.0234998584609801,0.034905795445508,0.8,"median","qi"
"Cyprus",84.3089431933808,0.0293075955380981,0.0236845509832831,0.0349399238675093,0.8,"median","qi"
"Cyprus",85.0212226272492,0.0294413746485501,0.023875768226181,0.0350340389058158,0.8,"median","qi"
"Cyprus",85.7335020611176,0.0295689249799501,0.024082182884668,0.0351716330070126,0.8,"median","qi"
"Cyprus",86.445781494986,0.0297160216876841,0.024257176498948,0.0352217785625874,0.8,"median","qi"
"Cyprus",87.1580609288543,0.0298846979993293,0.0245120184286221,0.0352818305445738,0.8,"median","qi"
"Cyprus",87.8703403627227,0.0300454243111017,0.0247454983492105,0.0353902346786198,0.8,"median","qi"
"Cyprus",88.5826197965911,0.0302254668754746,0.0250820548920782,0.0355874444103778,0.8,"median","qi"
"Cyprus",89.2948992304595,0.0304356986908453,0.0253424316645063,0.0357387620953984,0.8,"median","qi"
"Cyprus",90.0071786643279,0.0307121170636738,0.0256101734553591,0.0359323056297584,0.8,"median","qi"
"Cyprus",90.7194580981962,0.0309609086389383,0.0258585449108271,0.0361591292082898,0.8,"median","qi"
"Cyprus",91.4317375320646,0.0312383141953911,0.0262152873988636,0.036361729284458,0.8,"median","qi"
"Cyprus",92.144016965933,0.0314952783986014,0.0264668862685111,0.0365440312963924,0.8,"median","qi"
"Cyprus",92.8562963998014,0.0317353100994736,0.0267679493105413,0.0367702613973665,0.8,"median","qi"
"Cyprus",93.5685758336697,0.0320320468751379,0.027069270186718,0.0370323214952805,0.8,"median","qi"
"Cyprus",94.2808552675381,0.0323286736806877,0.0273845132417382,0.0372858184900656,0.8,"median","qi"
"Cyprus",94.9931347014065,0.0326170306047291,0.0277173422042372,0.0375683595276322,0.8,"median","qi"
"Cyprus",95.7054141352749,0.0329600897298059,0.0280414703773711,0.0378732630932629,0.8,"median","qi"
"Cyprus",96.4176935691433,0.0332861739344127,0.0283720461096808,0.0381758454449582,0.8,"median","qi"
"Cyprus",97.1299730030116,0.0336203426119405,0.0287535686417043,0.0384905976063934,0.8,"median","qi"
"Cyprus",97.84225243688,0.0339486602241732,0.0290825085537326,0.0388021857841243,0.8,"median","qi"
"Cyprus",98.5545318707484,0.0342687046037925,0.0294100734797606,0.0391126672349496,0.8,"median","qi"
"Cyprus",99.2668113046168,0.0346081324790303,0.0297731890804026,0.0395096156643202,0.8,"median","qi"
"Cyprus",99.9790907384851,0.0349620052379439,0.0301100901585261,0.039808859799006,0.8,"median","qi"
"Cyprus",100.691370172354,0.0352951184223988,0.0304602489619335,0.0401050493171872,0.8,"median","qi"
"Cyprus",101.403649606222,0.035632297851784,0.0308675652946577,0.0403883302025587,0.8,"median","qi"
"Cyprus",102.11592904009,0.0359464313193295,0.0312571304841646,0.0406756588098086,0.8,"median","qi"
"Cyprus",102.828208473959,0.0362656717943466,0.0315759970170095,0.0409664636835937,0.8,"median","qi"
"Cyprus",103.540487907827,0.0365689878123374,0.0319216883294895,0.0412676886815176,0.8,"median","qi"
"Cyprus",104.252767341695,0.0368723092448515,0.0323286573310298,0.0415879502814579,0.8,"median","qi"
"Cyprus",104.965046775564,0.0372150694898734,0.0326804306491352,0.0419077439513669,0.8,"median","qi"
"Cyprus",105.677326209432,0.0375649016934908,0.0330098366977689,0.0422089414544078,0.8,"median","qi"
"Cyprus",106.389605643301,0.0378990114390869,0.0333870377314373,0.0425372809869575,0.8,"median","qi"
"Cyprus",107.101885077169,0.0382172487722963,0.0337614759085669,0.0428326537585709,0.8,"median","qi"
"Cyprus",107.814164511037,0.0385768092493467,0.0341008188292467,0.0431521723703249,0.8,"median","qi"
"Cyprus",108.526443944906,0.0389128150050468,0.0344174084463841,0.0434648191770048,0.8,"median","qi"
"Cyprus",109.238723378774,0.039214696404991,0.0347422100653639,0.0437729632899804,0.8,"median","qi"
"Cyprus",109.951002812642,0.0395602101623574,0.035070280916866,0.0441003593595588,0.8,"median","qi"
"Cyprus",110.663282246511,0.0398835163536069,0.03538949034837,0.0443780206883217,0.8,"median","qi"
"Cyprus",111.375561680379,0.0402084017321457,0.0357238835550802,0.0446469081604342,0.8,"median","qi"
"Cyprus",112.087841114248,0.0405450443635594,0.0360541582789963,0.0449155592546942,0.8,"median","qi"
"Cyprus",112.800120548116,0.0408615594244292,0.0364216108228927,0.0452067341905465,0.8,"median","qi"
"Cyprus",113.512399981984,0.0411788885722717,0.036786470570865,0.0455056048508439,0.8,"median","qi"
"Cyprus",114.224679415853,0.0415143410685476,0.0371590304102583,0.0458239688031852,0.8,"median","qi"
"Cyprus",114.936958849721,0.0418053804405502,0.037505222281002,0.0461076298198258,0.8,"median","qi"
"Cyprus",115.649238283589,0.0421247800863451,0.0377918786524324,0.0463764418781458,0.8,"median","qi"
"Cyprus",116.361517717458,0.0424232416168127,0.0381236965073879,0.0466282937166997,0.8,"median","qi"
"Cyprus",117.073797151326,0.0427329013238435,0.0384373277909221,0.0468965907723574,0.8,"median","qi"
"Cyprus",117.786076585195,0.0430360928657035,0.0387923157798806,0.0472045708859846,0.8,"median","qi"
"Cyprus",118.498356019063,0.0433332532979804,0.0391268106964349,0.0474928255348171,0.8,"median","qi"
"Cyprus",119.210635452931,0.0436141199798334,0.0394509267500517,0.0477226299900749,0.8,"median","qi"
"Cyprus",119.9229148868,0.0438952599887062,0.0397806142150407,0.0479333243423297,0.8,"median","qi"
"Cyprus",120.635194320668,0.0441532515207509,0.0400929689247034,0.0481432141592215,0.8,"median","qi"
"Cyprus",121.347473754536,0.0444202706622425,0.0403657778593083,0.0483796689322074,0.8,"median","qi"
"Cyprus",122.059753188405,0.0447083039516879,0.0406682625789112,0.0486031476676644,0.8,"median","qi"
"Cyprus",122.772032622273,0.0449756689495109,0.0409248901471627,0.0488154485620114,0.8,"median","qi"
"Cyprus",123.484312056142,0.0452196462474179,0.0412089203345204,0.0490483687760717,0.8,"median","qi"
"Cyprus",124.19659149001,0.0454396027134699,0.0414719297882815,0.0492869600340032,0.8,"median","qi"
"Cyprus",124.908870923878,0.0456594752986823,0.041701117293995,0.0495226469373432,0.8,"median","qi"
"Cyprus",125.621150357747,0.0459014085480315,0.0419148611668156,0.0497203831002983,0.8,"median","qi"
"Cyprus",126.333429791615,0.0461308878184596,0.0421148892119534,0.0499659488873239,0.8,"median","qi"
"Cyprus",127.045709225484,0.0463403929712331,0.0422968126618268,0.0501431597115844,0.8,"median","qi"
"Cyprus",127.757988659352,0.0465633271125191,0.0425423880189936,0.0503286126842672,0.8,"median","qi"
"Cyprus",128.47026809322,0.0467965457967424,0.0427162561997728,0.050572833617397,0.8,"median","qi"
"Cyprus",129.182547527089,0.046987168172163,0.0429454476388881,0.0507619025304699,0.8,"median","qi"
"Cyprus",129.894826960957,0.0471813913449751,0.0431333978688376,0.0509090357092415,0.8,"median","qi"
"Cyprus",130.607106394825,0.04733346692656,0.0432970891678296,0.0510595058522769,0.8,"median","qi"
"Cyprus",131.319385828694,0.0475148237881532,0.0434654388039526,0.0512460105312505,0.8,"median","qi"
"Cyprus",132.031665262562,0.0476915634593566,0.043641808589471,0.0513391573499829,0.8,"median","qi"
"Cyprus",132.743944696431,0.0478722264296856,0.0438396454447336,0.0515047666416549,0.8,"median","qi"
"Cyprus",133.456224130299,0.0480385446874874,0.0439843429900916,0.0516376114583858,0.8,"median","qi"
"Cyprus",134.168503564167,0.0481607248021916,0.0439978437199412,0.0517942510733697,0.8,"median","qi"
"Cyprus",134.880782998036,0.0482908691762939,0.0440910608494065,0.0519006862864984,0.8,"median","qi"
"Cyprus",135.593062431904,0.048425651875061,0.0442068785729851,0.0520188389724839,0.8,"median","qi"
"Cyprus",136.305341865772,0.0485084822666413,0.0442931334408983,0.0522177284547708,0.8,"median","qi"
"Cyprus",137.017621299641,0.0486072294398458,0.0443506994537297,0.0523321340806384,0.8,"median","qi"
"Cyprus",137.729900733509,0.0486647799414809,0.044425846810653,0.0524510322093876,0.8,"median","qi"
"Cyprus",138.442180167378,0.0487674143883691,0.044479540288489,0.0525194416523601,0.8,"median","qi"
"Cyprus",139.154459601246,0.0488622453835824,0.0445557020884684,0.052604163456724,0.8,"median","qi"
"Cyprus",139.866739035114,0.0489067579867374,0.0445715932391021,0.0527137381816709,0.8,"median","qi"
"Cyprus",140.579018468983,0.0489769046706464,0.0445899755329386,0.0528002875882322,0.8,"median","qi"
"Cyprus",141.291297902851,0.0489813140260896,0.0445687862999032,0.0528875181749657,0.8,"median","qi"
"Cyprus",142.003577336719,0.0489807269257274,0.0445490251301547,0.0529449156611782,0.8,"median","qi"
"Cyprus",142.715856770588,0.0490064525330598,0.0444672463650696,0.0530354488069273,0.8,"median","qi"
"Cyprus",143.428136204456,0.0489645726383225,0.044438308770115,0.0530689661374216,0.8,"median","qi"
"Cyprus",144.140415638325,0.048976627929983,0.044379487204994,0.0531098270473546,0.8,"median","qi"
"Cyprus",144.852695072193,0.0489318076981111,0.0442486256308047,0.0531548664095262,0.8,"median","qi"
"Cyprus",145.564974506061,0.0488958775371369,0.0441406495938046,0.0531183580557625,0.8,"median","qi"
"Cyprus",146.27725393993,0.0488479107541914,0.0440563401395478,0.0531129756541434,0.8,"median","qi"
"Cyprus",146.989533373798,0.0487859611898336,0.043913651433089,0.0530776938269458,0.8,"median","qi"
"Cyprus",147.701812807666,0.0486751775656502,0.0437945120376366,0.0530389716955133,0.8,"median","qi"
"Cyprus",148.414092241535,0.048566614273399,0.0436199844484314,0.0530093963128599,0.8,"median","qi"
"Cyprus",149.126371675403,0.0484416440455405,0.0434309183886715,0.0529561260469979,0.8,"median","qi"
"Cyprus",149.838651109272,0.0483531584767631,0.0432266858880092,0.0529112057845326,0.8,"median","qi"
"Cyprus",150.55093054314,0.0482102225318401,0.0430069565436305,0.0528636288291469,0.8,"median","qi"
"Cyprus",151.263209977008,0.0480343533213023,0.0428031707328325,0.0527791426382723,0.8,"median","qi"
"Cyprus",151.975489410877,0.0478554361142352,0.0425704323307463,0.0526600993935008,0.8,"median","qi"
"Cyprus",152.687768844745,0.0476768545560528,0.0423058142338879,0.0525524631160472,0.8,"median","qi"
"Cyprus",153.400048278613,0.0474470938053736,0.0420278306070593,0.0524296983239303,0.8,"median","qi"
"Cyprus",154.112327712482,0.0472488265723511,0.0418285122903372,0.0523087387925689,0.8,"median","qi"
"Cyprus",154.82460714635,0.0470302212796187,0.0415304168724273,0.052146629194311,0.8,"median","qi"
"Cyprus",155.536886580219,0.0467996602782614,0.0412152748872919,0.0519796495068486,0.8,"median","qi"
"Cyprus",156.249166014087,0.0465649498761004,0.0408412284157345,0.051833853539572,0.8,"median","qi"
"Cyprus",156.961445447955,0.0463343774145191,0.0405115566515815,0.051673357697394,0.8,"median","qi"
"Cyprus",157.673724881824,0.0460994268136961,0.0401002896161442,0.0515314899979879,0.8,"median","qi"
"Cyprus",158.386004315692,0.0458292731538923,0.039734463546034,0.051435547690245,0.8,"median","qi"
"Cyprus",159.098283749561,0.0455757171101583,0.0394122048439473,0.0513288107269021,0.8,"median","qi"
"Cyprus",159.810563183429,0.0453446058265324,0.0390846983135856,0.0512787364544189,0.8,"median","qi"
"Cyprus",160.522842617297,0.0450612370550364,0.0387196975766895,0.0511445610428109,0.8,"median","qi"
"Cyprus",161.235122051166,0.044736174528219,0.0383244131236717,0.0510382473238861,0.8,"median","qi"
"Cyprus",161.947401485034,0.0444169692799148,0.0379113020520516,0.0508844302433394,0.8,"median","qi"
"Cyprus",162.659680918902,0.0441137768575623,0.0374776165709574,0.050682442869622,0.8,"median","qi"
"Cyprus",163.371960352771,0.0438182783194604,0.0370010644252793,0.0505118328129152,0.8,"median","qi"
"Cyprus",164.084239786639,0.0435497675946468,0.0365101281202379,0.0503516968149527,0.8,"median","qi"
"Cyprus",164.796519220508,0.0432301070379358,0.0360147163693958,0.0500717780534827,0.8,"median","qi"
"Cyprus",165.508798654376,0.0429412372503053,0.0353954229086034,0.0499394344100299,0.8,"median","qi"
"Cyprus",166.221078088244,0.0426091243552871,0.0348986651435875,0.0497623173456666,0.8,"median","qi"
"Cyprus",166.933357522113,0.0423289520834202,0.0344387441470115,0.0496925200779254,0.8,"median","qi"
"Cyprus",167.645636955981,0.0420232220465456,0.0338710936620264,0.0495717775474299,0.8,"median","qi"
"Cyprus",168.357916389849,0.041694675735037,0.0333992651005671,0.0495310776724787,0.8,"median","qi"
"Cyprus",169.070195823718,0.0414075666440379,0.0327972308187283,0.0494261191734435,0.8,"median","qi"
"Cyprus",169.782475257586,0.041095391765958,0.0322771356825153,0.0493790491118148,0.8,"median","qi"
"Cyprus",170.494754691455,0.0407676956735104,0.0316992797381039,0.0492929813680605,0.8,"median","qi"
"Cyprus",171.207034125323,0.0405020652431032,0.0310243810902158,0.0493095549029219,0.8,"median","qi"
"Cyprus",171.919313559191,0.0402053512459894,0.0304972884269392,0.0492173638097364,0.8,"median","qi"
"Cyprus",172.63159299306,0.0399074751392584,0.0299848564245595,0.0492140585465101,0.8,"median","qi"
"Cyprus",173.343872426928,0.0396709689711086,0.0294263536552039,0.049185258804651,0.8,"median","qi"
"Cyprus",174.056151860796,0.0393920950744956,0.0287487007721208,0.049186726468512,0.8,"median","qi"
"Cyprus",174.768431294665,0.0389481550129044,0.0281033750808538,0.0492265972296008,0.8,"median","qi"
"Cyprus",175.480710728533,0.0386270988941673,0.0274081262374931,0.0492668215177046,0.8,"median","qi"
"Cyprus",176.192990162402,0.0382681332824729,0.0266086972434383,0.0493726855256673,0.8,"median","qi"
"Cyprus",176.90526959627,0.0380314190821459,0.0258687573173975,0.0495625722550507,0.8,"median","qi"
"Cyprus",177.617549030138,0.0377603811267299,0.0250396986543299,0.0498431915050088,0.8,"median","qi"
"Lyon",16.4377420459537,0.106449201648744,0.089710276133668,0.121841846676597,0.8,"median","qi"
"Lyon",17.01708498813,0.107480571792355,0.0912713923739483,0.122570337052328,0.8,"median","qi"
"Lyon",17.5964279303062,0.10853636017345,0.0926452788649905,0.123297982806661,0.8,"median","qi"
"Lyon",18.1757708724825,0.109579151306584,0.0939309947893348,0.123983437625984,0.8,"median","qi"
"Lyon",18.7551138146588,0.110581906108049,0.0951969828315254,0.124745382958126,0.8,"median","qi"
"Lyon",19.3344567568351,0.111549014564167,0.0965853083465265,0.125442674139126,0.8,"median","qi"
"Lyon",19.9137996990113,0.112581351230844,0.0979236764395568,0.126192147894978,0.8,"median","qi"
"Lyon",20.4931426411876,0.11363220568215,0.0992765926777064,0.126718913116818,0.8,"median","qi"
"Lyon",21.0724855833639,0.11465066682061,0.100761037481135,0.127605488105817,0.8,"median","qi"
"Lyon",21.6518285255401,0.115591994444781,0.101951177256233,0.128276806946402,0.8,"median","qi"
"Lyon",22.2311714677164,0.116672796625727,0.103288176225569,0.129043273374634,0.8,"median","qi"
"Lyon",22.8105144098927,0.117701065180193,0.104314684215234,0.129889114735925,0.8,"median","qi"
"Lyon",23.3898573520689,0.118794719784656,0.105452846822038,0.130638966544167,0.8,"median","qi"
"Lyon",23.9692002942452,0.119885518629718,0.106641490492935,0.131434124635889,0.8,"median","qi"
"Lyon",24.5485432364215,0.120948657831996,0.107806934209812,0.132128420948715,0.8,"median","qi"
"Lyon",25.1278861785977,0.122113771454105,0.109044147856353,0.13304399507431,0.8,"median","qi"
"Lyon",25.707229120774,0.123018553607516,0.109925728525597,0.134023987404945,0.8,"median","qi"
"Lyon",26.2865720629503,0.124175292754618,0.111094634415694,0.134810387758236,0.8,"median","qi"
"Lyon",26.8659150051265,0.125337062315712,0.112325489521664,0.135748790280437,0.8,"median","qi"
"Lyon",27.4452579473028,0.126325969223828,0.113318016059486,0.136586911033854,0.8,"median","qi"
"Lyon",28.0246008894791,0.127426411887135,0.114434059092665,0.13759651829477,0.8,"median","qi"
"Lyon",28.6039438316554,0.128478152453248,0.115460849028501,0.138599833236119,0.8,"median","qi"
"Lyon",29.1832867738316,0.129524372640184,0.116630569908407,0.139558506047525,0.8,"median","qi"
"Lyon",29.7626297160079,0.130480963165071,0.117585595226505,0.140553651160594,0.8,"median","qi"
"Lyon",30.3419726581842,0.131434688668666,0.118737096540835,0.141471115169258,0.8,"median","qi"
"Lyon",30.9213156003604,0.132462252606354,0.119727402202154,0.142360691361443,0.8,"median","qi"
"Lyon",31.5006585425367,0.133446197164795,0.12074860145955,0.143389479485722,0.8,"median","qi"
"Lyon",32.080001484713,0.134577842861851,0.121539248369898,0.14422730490487,0.8,"median","qi"
"Lyon",32.6593444268892,0.135579670197919,0.122562859650281,0.145141464784852,0.8,"median","qi"
"Lyon",33.2386873690655,0.13654917193222,0.12334389959801,0.146048793253611,0.8,"median","qi"
"Lyon",33.8180303112418,0.13746376040717,0.124221779760648,0.146916954666484,0.8,"median","qi"
"Lyon",34.397373253418,0.138523359582338,0.12522714000962,0.148007633247133,0.8,"median","qi"
"Lyon",34.9767161955943,0.139515431976835,0.126129599664901,0.149047953629769,0.8,"median","qi"
"Lyon",35.5560591377706,0.140489204529632,0.126787271719416,0.150151843663648,0.8,"median","qi"
"Lyon",36.1354020799468,0.141422580391749,0.127403511765358,0.151255646774436,0.8,"median","qi"
"Lyon",36.7147450221231,0.142423550626475,0.128084908498539,0.152310271579324,0.8,"median","qi"
"Lyon",37.2940879642994,0.143292816210793,0.128818217116874,0.153330357007073,0.8,"median","qi"
"Lyon",37.8734309064756,0.144229439833939,0.129563612353825,0.154242569201427,0.8,"median","qi"
"Lyon",38.4527738486519,0.145201745350398,0.130289406519732,0.155239549115869,0.8,"median","qi"
"Lyon",39.0321167908282,0.146072586796547,0.130977816642036,0.156250381719527,0.8,"median","qi"
"Lyon",39.6114597330045,0.147009438076783,0.131692794191816,0.157291374181904,0.8,"median","qi"
"Lyon",40.1908026751807,0.147930487609397,0.132231205111818,0.158314776929406,0.8,"median","qi"
"Lyon",40.770145617357,0.148800158948806,0.132925317050558,0.159341672376421,0.8,"median","qi"
"Lyon",41.3494885595333,0.149605690089799,0.133615132400165,0.160351682156673,0.8,"median","qi"
"Lyon",41.9288315017095,0.150467034449011,0.134123388346786,0.161337829178074,0.8,"median","qi"
"Lyon",42.5081744438858,0.15131796926654,0.134661599161178,0.162215312571121,0.8,"median","qi"
"Lyon",43.0875173860621,0.152036342054288,0.135274588979853,0.163125072171395,0.8,"median","qi"
"Lyon",43.6668603282383,0.152792186894472,0.135877472196616,0.164001578446111,0.8,"median","qi"
"Lyon",44.2462032704146,0.153534889599941,0.136294518100731,0.16495797160541,0.8,"median","qi"
"Lyon",44.8255462125909,0.154305332540234,0.136874656227617,0.165909353275443,0.8,"median","qi"
"Lyon",45.4048891547671,0.155051949795844,0.137370732380024,0.166788897631888,0.8,"median","qi"
"Lyon",45.9842320969434,0.155696718363288,0.13768145465643,0.167574780458992,0.8,"median","qi"
"Lyon",46.5635750391197,0.156341884510071,0.137970330011058,0.168393223003204,0.8,"median","qi"
"Lyon",47.1429179812959,0.156978139914036,0.138266882081837,0.16923257738716,0.8,"median","qi"
"Lyon",47.7222609234722,0.157581805724499,0.138798911665104,0.170139013698749,0.8,"median","qi"
"Lyon",48.3016038656485,0.158136345760605,0.139205075647146,0.17096188478934,0.8,"median","qi"
"Lyon",48.8809468078247,0.158753280233649,0.139919853168676,0.171781649653176,0.8,"median","qi"
"Lyon",49.460289750001,0.159332435082325,0.140386210458243,0.172548760305355,0.8,"median","qi"
"Lyon",50.0396326921773,0.159945010669954,0.140818604601074,0.17326613083279,0.8,"median","qi"
"Lyon",50.6189756343536,0.160548843046957,0.141291574264365,0.173955562414403,0.8,"median","qi"
"Lyon",51.1983185765298,0.161162457790988,0.141724310418427,0.174605699405921,0.8,"median","qi"
"Lyon",51.7776615187061,0.161754028553179,0.142143660584925,0.175309699532511,0.8,"median","qi"
"Lyon",52.3570044608824,0.162316383323551,0.142561121894065,0.175920649350286,0.8,"median","qi"
"Lyon",52.9363474030586,0.162885333391011,0.14291802586173,0.176546997780642,0.8,"median","qi"
"Lyon",53.5156903452349,0.163345683094447,0.143364208884471,0.177198258876592,0.8,"median","qi"
"Lyon",54.0950332874112,0.163907378953723,0.143563700879807,0.1778533736787,0.8,"median","qi"
"Lyon",54.6743762295874,0.164393553456581,0.143931003805897,0.178536363165529,0.8,"median","qi"
"Lyon",55.2537191717637,0.164864505065016,0.14419945660664,0.179177765984113,0.8,"median","qi"
"Lyon",55.83306211394,0.165348875913285,0.144686123431488,0.179822036577654,0.8,"median","qi"
"Lyon",56.4124050561162,0.165777678136003,0.144925602488615,0.180374253675095,0.8,"median","qi"
"Lyon",56.9917479982925,0.166236537312968,0.14530908204131,0.180942370522196,0.8,"median","qi"
"Lyon",57.5710909404688,0.166701278876213,0.145581334109138,0.181431597369281,0.8,"median","qi"
"Lyon",58.150433882645,0.167101894405996,0.145867274196876,0.181907801027985,0.8,"median","qi"
"Lyon",58.7297768248213,0.167482112054876,0.146189353825395,0.182365957112232,0.8,"median","qi"
"Lyon",59.3091197669976,0.167858796223402,0.146403953926089,0.182951018874174,0.8,"median","qi"
"Lyon",59.8884627091739,0.168286977106792,0.146606424795248,0.183440940575344,0.8,"median","qi"
"Lyon",60.4678056513501,0.168720637811418,0.14685308382356,0.183918222123102,0.8,"median","qi"
"Lyon",61.0471485935264,0.16913185740775,0.147103767818372,0.184420796215448,0.8,"median","qi"
"Lyon",61.6264915357027,0.169465856253947,0.147357556879593,0.184818807235138,0.8,"median","qi"
"Lyon",62.2058344778789,0.169788725349768,0.147648046394735,0.185193683595864,0.8,"median","qi"
"Lyon",62.7851774200552,0.170066639745915,0.147867104900135,0.185521254550432,0.8,"median","qi"
"Lyon",63.3645203622315,0.170387944647016,0.14809304644981,0.185769268802838,0.8,"median","qi"
"Lyon",63.9438633044077,0.17057145742849,0.148260407442669,0.186109349206321,0.8,"median","qi"
"Lyon",64.523206246584,0.170860497720964,0.148431559357164,0.186456974201953,0.8,"median","qi"
"Lyon",65.1025491887603,0.171136703643284,0.148593590887249,0.186724726465373,0.8,"median","qi"
"Lyon",65.6818921309365,0.171325323254584,0.148762171077672,0.187018428606755,0.8,"median","qi"
"Lyon",66.2612350731128,0.171592639903073,0.148922074508537,0.187313140097492,0.8,"median","qi"
"Lyon",66.8405780152891,0.171883020168284,0.149065629056963,0.187558798882868,0.8,"median","qi"
"Lyon",67.4199209574653,0.172176181814284,0.149230930902848,0.187824995652788,0.8,"median","qi"
"Lyon",67.9992638996416,0.172383895225892,0.149339416085065,0.188049556943859,0.8,"median","qi"
"Lyon",68.5786068418179,0.172550904126013,0.149432497157146,0.188305908697719,0.8,"median","qi"
"Lyon",69.1579497839942,0.172753230824811,0.14962020780433,0.188565792889421,0.8,"median","qi"
"Lyon",69.7372927261704,0.1729790411976,0.149729174632351,0.188907072832243,0.8,"median","qi"
"Lyon",70.3166356683467,0.173189898979675,0.14988078718283,0.189156049862378,0.8,"median","qi"
"Lyon",70.895978610523,0.17328425523813,0.150093992607567,0.18942139344578,0.8,"median","qi"
"Lyon",71.4753215526992,0.173471188462506,0.150289232213723,0.189591562848673,0.8,"median","qi"
"Lyon",72.0546644948755,0.173685383496902,0.15047171724492,0.189723204000487,0.8,"median","qi"
"Lyon",72.6340074370518,0.173775465400868,0.150468243248599,0.189948041980904,0.8,"median","qi"
"Lyon",73.213350379228,0.173853489044716,0.15043360416334,0.190050455190109,0.8,"median","qi"
"Lyon",73.7926933214043,0.173985640993503,0.150520479261009,0.190195039040958,0.8,"median","qi"
"Lyon",74.3720362635806,0.174114329848136,0.150703972611607,0.190238403544237,0.8,"median","qi"
"Lyon",74.9513792057568,0.174230757914274,0.150916829221119,0.19032193611957,0.8,"median","qi"
"Lyon",75.5307221479331,0.174232667911657,0.151094715068608,0.190335603399653,0.8,"median","qi"
"Lyon",76.1100650901094,0.174248767674707,0.151325125237096,0.190349002929582,0.8,"median","qi"
"Lyon",76.6894080322856,0.174256738159496,0.151376627673404,0.1902839522274,0.8,"median","qi"
"Lyon",77.2687509744619,0.174425554704183,0.151471534184068,0.190334275011306,0.8,"median","qi"
"Lyon",77.8480939166382,0.174550096386716,0.151408977172916,0.190452044619551,0.8,"median","qi"
"Lyon",78.4274368588144,0.174593667710772,0.151576142919825,0.190477886322561,0.8,"median","qi"
"Lyon",79.0067798009907,0.174546582842749,0.151700053353779,0.190491960076617,0.8,"median","qi"
"Lyon",79.586122743167,0.174545755890867,0.15178932147224,0.190441011908932,0.8,"median","qi"
"Lyon",80.1654656853432,0.174565452991323,0.151849255322253,0.190506230726316,0.8,"median","qi"
"Lyon",80.7448086275195,0.174547875860611,0.151943665525228,0.190484849254399,0.8,"median","qi"
"Lyon",81.3241515696958,0.174501986461945,0.151922075832438,0.190519321766453,0.8,"median","qi"
"Lyon",81.9034945118721,0.174478628088783,0.151904204956272,0.190527306207787,0.8,"median","qi"
"Lyon",82.4828374540483,0.174541320969448,0.151918849266448,0.190569790300218,0.8,"median","qi"
"Lyon",83.0621803962246,0.17461298686812,0.151834974944986,0.190600151650706,0.8,"median","qi"
"Lyon",83.6415233384009,0.174628293776475,0.151937727799313,0.190525928881352,0.8,"median","qi"
"Lyon",84.2208662805771,0.174585209206737,0.152030372206838,0.190322635828572,0.8,"median","qi"
"Lyon",84.8002092227534,0.174627043436686,0.152171356490648,0.190365955373268,0.8,"median","qi"
"Lyon",85.3795521649297,0.174623632988617,0.152183489483043,0.19032046906855,0.8,"median","qi"
"Lyon",85.9588951071059,0.174538549742455,0.152286788531853,0.190350111867665,0.8,"median","qi"
"Lyon",86.5382380492822,0.174389935712998,0.152266417672012,0.190230362550946,0.8,"median","qi"
"Lyon",87.1175809914585,0.174347102249535,0.152320953007565,0.190128503145817,0.8,"median","qi"
"Lyon",87.6969239336347,0.174246762264689,0.152218182921073,0.18994686508454,0.8,"median","qi"
"Lyon",88.276266875811,0.174147871148342,0.152124580158167,0.189863408800553,0.8,"median","qi"
"Lyon",88.8556098179873,0.17413087582276,0.152005340729025,0.189754961593434,0.8,"median","qi"
"Lyon",89.4349527601635,0.174124134371942,0.151939921874141,0.189761884943219,0.8,"median","qi"
"Lyon",90.0142957023398,0.174086921534585,0.15195549057408,0.189611963693697,0.8,"median","qi"
"Lyon",90.5936386445161,0.174030470035693,0.151937484570655,0.189460567995311,0.8,"median","qi"
"Lyon",91.1729815866923,0.173824407601881,0.151981497556067,0.189679562540787,0.8,"median","qi"
"Lyon",91.7523245288686,0.173679140775984,0.15203955609126,0.189687126978568,0.8,"median","qi"
"Lyon",92.3316674710449,0.173635204130403,0.152002274896955,0.189654110936958,0.8,"median","qi"
"Lyon",92.9110104132211,0.173523737999622,0.151846547771754,0.189500998343696,0.8,"median","qi"
"Lyon",93.4903533553974,0.173457561268626,0.151858859564528,0.189342833203787,0.8,"median","qi"
"Lyon",94.0696962975737,0.173262563122019,0.151889466723273,0.189358039828497,0.8,"median","qi"
"Lyon",94.64903923975,0.173085054263465,0.151971194634501,0.189195109886747,0.8,"median","qi"
"Lyon",95.2283821819262,0.172926538327455,0.151922935221455,0.189073339320019,0.8,"median","qi"
"Lyon",95.8077251241025,0.172701914869395,0.151841421257224,0.18899432570515,0.8,"median","qi"
"Lyon",96.3870680662788,0.172457077043139,0.151973667418166,0.189162664259816,0.8,"median","qi"
"Lyon",96.966411008455,0.172214969394365,0.151758870118303,0.189008622862951,0.8,"median","qi"
"Lyon",97.5457539506313,0.172061231116562,0.151597548230243,0.189275107428792,0.8,"median","qi"
"Lyon",98.1250968928076,0.171847578664963,0.151598007883202,0.189389758040973,0.8,"median","qi"
"Lyon",98.7044398349838,0.171843253615506,0.15151570559803,0.189662187296976,0.8,"median","qi"
"Lyon",99.2837827771601,0.171677572684875,0.151485570494593,0.189705966830246,0.8,"median","qi"
"Lyon",99.8631257193364,0.171481270991967,0.151286935417534,0.189630223393845,0.8,"median","qi"
"Lyon",100.442468661513,0.171312210504138,0.15131279684573,0.189774946807326,0.8,"median","qi"
"Lyon",101.021811603689,0.171033374344215,0.151199669295382,0.189882384147454,0.8,"median","qi"
"Lyon",101.601154545865,0.170806720600872,0.150885512147326,0.190130129443712,0.8,"median","qi"
"Lyon",102.180497488041,0.170513430438289,0.150446979876655,0.190289404545469,0.8,"median","qi"
"Lyon",102.759840430218,0.17037627492288,0.1500976759452,0.190306798863878,0.8,"median","qi"
"Lyon",103.339183372394,0.170236401380596,0.14964749466946,0.190658078502511,0.8,"median","qi"
"Lyon",103.91852631457,0.16999416822556,0.149215722451881,0.190913500662164,0.8,"median","qi"
"Lyon",104.497869256747,0.169751419559694,0.148882107011465,0.191213338008783,0.8,"median","qi"
"Lyon",105.077212198923,0.169497433483123,0.148441734167596,0.191559595460668,0.8,"median","qi"
"Lyon",105.656555141099,0.169316313188161,0.148043144763183,0.191599706372557,0.8,"median","qi"
"Lyon",106.235898083275,0.169047884660883,0.147618015579631,0.19190776063786,0.8,"median","qi"
"Lyon",106.815241025452,0.168854643041999,0.147221620741513,0.192011431796997,0.8,"median","qi"
"Lyon",107.394583967628,0.168657260822833,0.146602444129753,0.192215987171832,0.8,"median","qi"
"Lyon",107.973926909804,0.168358863742029,0.146091487879732,0.192598323328198,0.8,"median","qi"
"Lyon",108.55326985198,0.16798325485763,0.145598950931255,0.19288058164331,0.8,"median","qi"
"Lyon",109.132612794157,0.167788721659206,0.145069358789302,0.193319087195577,0.8,"median","qi"
"Lyon",109.711955736333,0.167524862037396,0.144529095030063,0.193680928014142,0.8,"median","qi"
"Lyon",110.291298678509,0.167184060198266,0.144095072921296,0.194008085940186,0.8,"median","qi"
"Lyon",110.870641620685,0.166910431662536,0.143377083436295,0.194552426178597,0.8,"median","qi"
"Lyon",111.449984562862,0.166569149600512,0.142813858677486,0.19496375336871,0.8,"median","qi"
"Lyon",112.029327505038,0.166389185759998,0.142372579600981,0.195377419709671,0.8,"median","qi"
"Lyon",112.608670447214,0.166135319091171,0.1418113268902,0.195959871896363,0.8,"median","qi"
"Lyon",113.188013389391,0.165858572104889,0.141217075097936,0.196409164048476,0.8,"median","qi"
"Lyon",113.767356331567,0.165469106258053,0.140363138851691,0.197110882681368,0.8,"median","qi"
"Lyon",114.346699273743,0.165071653891056,0.140017259831102,0.197881429485514,0.8,"median","qi"
"Lyon",114.926042215919,0.164669116112182,0.139169057821275,0.1984988843505,0.8,"median","qi"
"Lyon",115.505385158096,0.164297220772044,0.138659264391938,0.198922216862052,0.8,"median","qi"
"Lyon",116.084728100272,0.164032428658798,0.138159134548936,0.199418039600513,0.8,"median","qi"
"Lyon",116.664071042448,0.163727940735004,0.137447742510833,0.200011774615911,0.8,"median","qi"
"Lyon",117.243413984624,0.163401463389066,0.136808833178894,0.201083888627326,0.8,"median","qi"
"Lyon",117.822756926801,0.162936071208417,0.136154358552112,0.20109642790652,0.8,"median","qi"
"Lyon",118.402099868977,0.162559813889113,0.135375017625765,0.201588592787108,0.8,"median","qi"
"Lyon",118.981442811153,0.162147833120125,0.134831582915274,0.20177415658291,0.8,"median","qi"
"Lyon",119.56078575333,0.161677936800349,0.134100581211558,0.202278554790924,0.8,"median","qi"
"Lyon",120.140128695506,0.161259152631583,0.133387656126703,0.202622532509398,0.8,"median","qi"
"Lyon",120.719471637682,0.160761523911418,0.132491106232516,0.202923087071138,0.8,"median","qi"
"Lyon",121.298814579858,0.160325995201709,0.131703217257045,0.203418255530325,0.8,"median","qi"
"Lyon",121.878157522035,0.159887695144597,0.130557455798508,0.203932814008717,0.8,"median","qi"
"Lyon",122.457500464211,0.159443367787315,0.129754582200225,0.204445052938552,0.8,"median","qi"
"Lyon",123.036843406387,0.15905248168963,0.128832008704086,0.20527507099232,0.8,"median","qi"
"Lyon",123.616186348563,0.15852405682784,0.128103266287923,0.205813050396094,0.8,"median","qi"
"Lyon",124.19552929074,0.158211297969559,0.127068241699233,0.206502006302987,0.8,"median","qi"
"Lyon",124.774872232916,0.15782099079462,0.12625008112931,0.206893561333762,0.8,"median","qi"
"Lyon",125.354215175092,0.157479558352776,0.125498197911832,0.207677423398254,0.8,"median","qi"
"Lyon",125.933558117268,0.157099645689676,0.124924815022395,0.208527909068515,0.8,"median","qi"
"Lyon",126.512901059445,0.156670522892,0.124152568801031,0.208856501868323,0.8,"median","qi"
"Lyon",127.092244001621,0.156122967741081,0.123427900003074,0.208986338953906,0.8,"median","qi"
"Lyon",127.671586943797,0.155803492771855,0.122249261985835,0.209325237028277,0.8,"median","qi"
"Lyon",128.250929885974,0.155196177263816,0.121206837746767,0.209882005042334,0.8,"median","qi"
"Lyon",128.83027282815,0.154770998153225,0.120108701356884,0.209991797717103,0.8,"median","qi"
"Lyon",129.409615770326,0.15448536030173,0.119060389992532,0.210184887333595,0.8,"median","qi"
"Lyon",129.988958712502,0.153978697877846,0.117642465385481,0.210396362802211,0.8,"median","qi"
"Lyon",130.568301654679,0.153568376413444,0.116664648643653,0.210245340249781,0.8,"median","qi"
"Lyon",131.147644596855,0.152923270400553,0.115751649856508,0.211066687010173,0.8,"median","qi"
"Lyon",131.726987539031,0.152221158263968,0.114695658110089,0.210760201589728,0.8,"median","qi"
