"Box","sum_Nutri","y","ymin","ymax",".width",".point",".interval"
"Adriatic",0.445690567310613,0.109788446802681,0.0961065812412768,0.123874570061025,0.8,"median","qi"
"Adriatic",0.456074316325032,0.10966151424368,0.0962715250997794,0.123335278391231,0.8,"median","qi"
"Adriatic",0.466458065339452,0.109461492231708,0.096475999072071,0.12283462703739,0.8,"median","qi"
"Adriatic",0.476841814353872,0.109322972060737,0.0965152454005184,0.122374021196027,0.8,"median","qi"
"Adriatic",0.487225563368292,0.109199597917113,0.0967211839634693,0.122013513304526,0.8,"median","qi"
"Adriatic",0.497609312382712,0.109110599800202,0.0968719760339691,0.121626433526815,0.8,"median","qi"
"Adriatic",0.507993061397132,0.10888954937521,0.0969083890363417,0.121222600027341,0.8,"median","qi"
"Adriatic",0.518376810411551,0.108742370724364,0.0970828150643314,0.120879481526907,0.8,"median","qi"
"Adriatic",0.528760559425971,0.10861991593754,0.097235772627461,0.120590518549078,0.8,"median","qi"
"Adriatic",0.539144308440391,0.108431879814108,0.0972654575039849,0.120292301683796,0.8,"median","qi"
"Adriatic",0.549528057454811,0.108289727050721,0.0973669078966987,0.119897749973195,0.8,"median","qi"
"Adriatic",0.559911806469231,0.108079830411314,0.0974829658292521,0.119516622502182,0.8,"median","qi"
"Adriatic",0.570295555483651,0.107997206892417,0.0973872097128386,0.119077500544787,0.8,"median","qi"
"Adriatic",0.58067930449807,0.107835954190299,0.0974731517713323,0.118706036012746,0.8,"median","qi"
"Adriatic",0.59106305351249,0.107694027641624,0.0975057012263944,0.118328076093981,0.8,"median","qi"
"Adriatic",0.60144680252691,0.107642921401946,0.0976597732414125,0.118016286328243,0.8,"median","qi"
"Adriatic",0.61183055154133,0.107547965860872,0.0977070074218736,0.117612895007537,0.8,"median","qi"
"Adriatic",0.62221430055575,0.107482071552709,0.097839600888196,0.117302631874613,0.8,"median","qi"
"Adriatic",0.63259804957017,0.107341676357455,0.0980235515998985,0.116960014352967,0.8,"median","qi"
"Adriatic",0.642981798584589,0.107233580800679,0.0980616959946237,0.116684991322939,0.8,"median","qi"
"Adriatic",0.653365547599009,0.107054555937045,0.097961569975717,0.116427270973784,0.8,"median","qi"
"Adriatic",0.663749296613429,0.106954752815081,0.0979831248827298,0.116298324345853,0.8,"median","qi"
"Adriatic",0.674133045627849,0.10689901204338,0.097980455126826,0.116192855678347,0.8,"median","qi"
"Adriatic",0.684516794642269,0.106848847636288,0.0979927280181777,0.116008062333629,0.8,"median","qi"
"Adriatic",0.694900543656689,0.106828916042544,0.0980483631073396,0.115874296203314,0.8,"median","qi"
"Adriatic",0.705284292671109,0.106788936640831,0.0980856587587235,0.115711612371788,0.8,"median","qi"
"Adriatic",0.715668041685528,0.106658836980676,0.0980823916938665,0.115510256596311,0.8,"median","qi"
"Adriatic",0.726051790699948,0.10668866926177,0.0980403199730501,0.115377115815441,0.8,"median","qi"
"Adriatic",0.736435539714368,0.106705131015944,0.0980162212433794,0.115281881662878,0.8,"median","qi"
"Adriatic",0.746819288728788,0.106653808453773,0.0980952502559196,0.11518276547267,0.8,"median","qi"
"Adriatic",0.757203037743208,0.106667036411591,0.0981251547935919,0.115190467931059,0.8,"median","qi"
"Adriatic",0.767586786757628,0.106655294838056,0.0981734788715471,0.115106606014334,0.8,"median","qi"
"Adriatic",0.777970535772047,0.10667601392115,0.0982707537193462,0.115163818926878,0.8,"median","qi"
"Adriatic",0.788354284786467,0.106762523993136,0.0982559884021159,0.115133450407488,0.8,"median","qi"
"Adriatic",0.798738033800887,0.106817966735881,0.0982302211731381,0.115157015117788,0.8,"median","qi"
"Adriatic",0.809121782815307,0.106855492258008,0.098350945165487,0.115095512578336,0.8,"median","qi"
"Adriatic",0.819505531829727,0.106891313537043,0.0985279143069647,0.115211824815012,0.8,"median","qi"
"Adriatic",0.829889280844147,0.107067276937911,0.0986928746892118,0.115219624472645,0.8,"median","qi"
"Adriatic",0.840273029858567,0.107153609310917,0.0988580906665773,0.115310600048166,0.8,"median","qi"
"Adriatic",0.850656778872986,0.107302642773093,0.0989842065342401,0.115414245405376,0.8,"median","qi"
"Adriatic",0.861040527887406,0.107510537758364,0.0991886009383216,0.115610278632911,0.8,"median","qi"
"Adriatic",0.871424276901826,0.107668118319832,0.0993810983198566,0.115724641181658,0.8,"median","qi"
"Adriatic",0.881808025916246,0.107805977734116,0.0995743216487584,0.115997617184787,0.8,"median","qi"
"Adriatic",0.892191774930666,0.108010701678291,0.0996748383174588,0.116275561593533,0.8,"median","qi"
"Adriatic",0.902575523945086,0.108210270690189,0.0999755080422104,0.116453973142069,0.8,"median","qi"
"Adriatic",0.912959272959506,0.108492759475424,0.100273576906564,0.116774769267872,0.8,"median","qi"
"Adriatic",0.923343021973925,0.108690121493086,0.100514380989536,0.1171117507846,0.8,"median","qi"
"Adriatic",0.933726770988345,0.108965588561335,0.100780855698278,0.117358228409657,0.8,"median","qi"
"Adriatic",0.944110520002765,0.109258273254437,0.101063090152964,0.117693078203062,0.8,"median","qi"
"Adriatic",0.954494269017185,0.109656967723996,0.101373301780042,0.118011909316835,0.8,"median","qi"
"Adriatic",0.964878018031605,0.109963038793255,0.101657449759926,0.118426540022461,0.8,"median","qi"
"Adriatic",0.975261767046024,0.110335717901246,0.101947592047565,0.118849315528052,0.8,"median","qi"
"Adriatic",0.985645516060444,0.110723823568349,0.102279349731133,0.119205893666869,0.8,"median","qi"
"Adriatic",0.996029265074864,0.111061926198428,0.102616479946393,0.119617547239164,0.8,"median","qi"
"Adriatic",1.00641301408928,0.111405442840246,0.102974068538516,0.120058215719291,0.8,"median","qi"
"Adriatic",1.0167967631037,0.111895378148986,0.103287854010759,0.120441703395732,0.8,"median","qi"
"Adriatic",1.02718051211812,0.112333550239818,0.10365178851158,0.120927382909446,0.8,"median","qi"
"Adriatic",1.03756426113254,0.112818550658556,0.104080938178212,0.12144674091271,0.8,"median","qi"
"Adriatic",1.04794801014696,0.113254711852787,0.104475606385924,0.121980348014618,0.8,"median","qi"
"Adriatic",1.05833175916138,0.113718929059245,0.104926422036349,0.12251073826646,0.8,"median","qi"
"Adriatic",1.0687155081758,0.114171542166145,0.105385686404721,0.123122419240459,0.8,"median","qi"
"Adriatic",1.07909925719022,0.114644355871738,0.105832948449516,0.123582774462912,0.8,"median","qi"
"Adriatic",1.08948300620464,0.115098828931834,0.106264726844612,0.124109961001644,0.8,"median","qi"
"Adriatic",1.09986675521906,0.115586691761608,0.106671562669079,0.124683116858591,0.8,"median","qi"
"Adriatic",1.11025050423348,0.116119154146978,0.107088978551402,0.125312246472579,0.8,"median","qi"
"Adriatic",1.1206342532479,0.116675978407247,0.107531450704101,0.125863137407589,0.8,"median","qi"
"Adriatic",1.13101800226232,0.1172025069066,0.108006424827756,0.126482273429357,0.8,"median","qi"
"Adriatic",1.14140175127674,0.117710770615651,0.108520255599293,0.12703255741658,0.8,"median","qi"
"Adriatic",1.15178550029116,0.118235583275777,0.10902996269603,0.127673179509553,0.8,"median","qi"
"Adriatic",1.16216924930558,0.118783587994503,0.109544640929685,0.128182388247143,0.8,"median","qi"
"Adriatic",1.17255299832,0.119382109701454,0.109967725391749,0.128788047588328,0.8,"median","qi"
"Adriatic",1.18293674733442,0.11995045227707,0.110509079923027,0.129402314525638,0.8,"median","qi"
"Adriatic",1.19332049634884,0.120579752404182,0.111102609067126,0.130096143384808,0.8,"median","qi"
"Adriatic",1.20370424536326,0.121150348048538,0.111580741974217,0.130653199044958,0.8,"median","qi"
"Adriatic",1.21408799437768,0.121694026798071,0.112072433733375,0.131268474478103,0.8,"median","qi"
"Adriatic",1.2244717433921,0.122334548040994,0.112545650550634,0.131894541648732,0.8,"median","qi"
"Adriatic",1.23485549240652,0.122909328309893,0.113105190149617,0.132547889088193,0.8,"median","qi"
"Adriatic",1.24523924142094,0.12349779505229,0.113654512502831,0.133200062172085,0.8,"median","qi"
"Adriatic",1.25562299043536,0.124119290986387,0.114167057636735,0.13384403798243,0.8,"median","qi"
"Adriatic",1.26600673944978,0.124715311737861,0.114692135749679,0.134477493741958,0.8,"median","qi"
"Adriatic",1.2763904884642,0.125292330004546,0.115247249380482,0.135158984159063,0.8,"median","qi"
"Adriatic",1.28677423747862,0.125898227530097,0.115774690836868,0.135835017730963,0.8,"median","qi"
"Adriatic",1.29715798649304,0.126506143745161,0.116334498584008,0.136493861808645,0.8,"median","qi"
"Adriatic",1.30754173550746,0.127109698715903,0.116874012694075,0.137142189917987,0.8,"median","qi"
"Adriatic",1.31792548452188,0.127700683579875,0.117392066341405,0.137669611162485,0.8,"median","qi"
"Adriatic",1.3283092335363,0.128304122129422,0.117894854518838,0.138319605234762,0.8,"median","qi"
"Adriatic",1.33869298255072,0.128838995426765,0.118444405817451,0.139023047991563,0.8,"median","qi"
"Adriatic",1.34907673156514,0.129426465079514,0.119017948517275,0.139611878847888,0.8,"median","qi"
"Adriatic",1.35946048057956,0.129999843182213,0.119645203418746,0.140267189767507,0.8,"median","qi"
"Adriatic",1.36984422959398,0.130576403467496,0.120197352249027,0.140917712348526,0.8,"median","qi"
"Adriatic",1.3802279786084,0.131201210707249,0.120775821608965,0.141468793978463,0.8,"median","qi"
"Adriatic",1.39061172762282,0.131778053455736,0.121306710046965,0.142076822374606,0.8,"median","qi"
"Adriatic",1.40099547663724,0.132362957388616,0.121908059336577,0.142627557617566,0.8,"median","qi"
"Adriatic",1.41137922565166,0.132956823203925,0.122436722496411,0.143210460784257,0.8,"median","qi"
"Adriatic",1.42176297466608,0.133585162209675,0.123005314543073,0.143804475936642,0.8,"median","qi"
"Adriatic",1.4321467236805,0.134213931943678,0.123553862941485,0.144498804359464,0.8,"median","qi"
"Adriatic",1.44253047269492,0.134821335287875,0.124137828944121,0.145139528525919,0.8,"median","qi"
"Adriatic",1.45291422170934,0.135437657239915,0.124599070132532,0.145800061103035,0.8,"median","qi"
"Adriatic",1.46329797072376,0.136082465380065,0.125181919938699,0.146384335164423,0.8,"median","qi"
"Adriatic",1.47368171973818,0.136658786933604,0.125767842841749,0.146990950102057,0.8,"median","qi"
"Adriatic",1.4840654687526,0.137254148597718,0.126333935164183,0.147592977143794,0.8,"median","qi"
"Adriatic",1.49444921776702,0.137824463779121,0.126849430048558,0.148287629142419,0.8,"median","qi"
"Adriatic",1.50483296678144,0.138421984787988,0.127484021920613,0.148952871662649,0.8,"median","qi"
"Adriatic",1.51521671579586,0.138989062418651,0.128132806142827,0.149607834185137,0.8,"median","qi"
"Adriatic",1.52560046481028,0.139561441610622,0.128698169886243,0.150169384410858,0.8,"median","qi"
"Adriatic",1.5359842138247,0.140145843791968,0.129217937223426,0.150808398145557,0.8,"median","qi"
"Adriatic",1.54636796283912,0.140778190916987,0.129695053139963,0.151381314970181,0.8,"median","qi"
"Adriatic",1.55675171185354,0.14137851434226,0.130260920773442,0.152019799476572,0.8,"median","qi"
"Adriatic",1.56713546086796,0.141996177632353,0.130800987805616,0.152648441212823,0.8,"median","qi"
"Adriatic",1.57751920988238,0.142588927479489,0.131416375634483,0.153306341987169,0.8,"median","qi"
"Adriatic",1.5879029588968,0.143160676982848,0.13197393780606,0.153916640774202,0.8,"median","qi"
"Adriatic",1.59828670791122,0.143746527779161,0.132554961608852,0.154578444007262,0.8,"median","qi"
"Adriatic",1.60867045692563,0.144370768129288,0.133105335241952,0.155226321150837,0.8,"median","qi"
"Adriatic",1.61905420594005,0.14488389331845,0.133691472893814,0.155880003184674,0.8,"median","qi"
"Adriatic",1.62943795495447,0.145477387748609,0.134206150033048,0.156532817974791,0.8,"median","qi"
"Adriatic",1.63982170396889,0.146079586741633,0.134730195562929,0.157206121154344,0.8,"median","qi"
"Adriatic",1.65020545298331,0.146665377067248,0.135219366632747,0.157850226566253,0.8,"median","qi"
"Adriatic",1.66058920199773,0.147225653150551,0.135823505999007,0.158389203148294,0.8,"median","qi"
"Adriatic",1.67097295101215,0.147736436094813,0.136372219520169,0.159103180534812,0.8,"median","qi"
"Adriatic",1.68135670002657,0.148334848661268,0.136902190780331,0.159736990503619,0.8,"median","qi"
"Adriatic",1.69174044904099,0.14895319773802,0.13737092212854,0.160364058498004,0.8,"median","qi"
"Adriatic",1.70212419805541,0.149525519781876,0.137898743097838,0.160993045993678,0.8,"median","qi"
"Adriatic",1.71250794706983,0.150163520669555,0.138448031525171,0.161667075105357,0.8,"median","qi"
"Adriatic",1.72289169608425,0.150792476715541,0.139032354230194,0.162238796123454,0.8,"median","qi"
"Adriatic",1.73327544509867,0.151409876971823,0.139596670178008,0.16298358780669,0.8,"median","qi"
"Adriatic",1.74365919411309,0.152007693217755,0.140002571531375,0.163641091607901,0.8,"median","qi"
"Adriatic",1.75404294312751,0.152577298228464,0.14056771413921,0.164440111265085,0.8,"median","qi"
"Adriatic",1.76442669214193,0.153200220088615,0.141035289405129,0.165165285648636,0.8,"median","qi"
"Adriatic",1.77481044115635,0.153838599460843,0.141566851406442,0.165860761800898,0.8,"median","qi"
"Adriatic",1.78519419017077,0.154488163338787,0.142145760079082,0.166511554493876,0.8,"median","qi"
"Adriatic",1.79557793918519,0.155026015734055,0.142698453817009,0.167126016269555,0.8,"median","qi"
"Adriatic",1.80596168819961,0.155605242447258,0.143251539185804,0.167800914018464,0.8,"median","qi"
"Adriatic",1.81634543721403,0.156181056824841,0.143733806376146,0.168431456011825,0.8,"median","qi"
"Adriatic",1.82672918622845,0.15672076554397,0.144214821251559,0.169129083260531,0.8,"median","qi"
"Adriatic",1.83711293524287,0.157355690149878,0.144833719329378,0.169817729898721,0.8,"median","qi"
"Adriatic",1.84749668425729,0.157971575690673,0.145365937247614,0.170533003742051,0.8,"median","qi"
"Adriatic",1.85788043327171,0.158597694583126,0.145935625520519,0.171255989971848,0.8,"median","qi"
"Adriatic",1.86826418228613,0.159233875939776,0.14648128450701,0.17196455869718,0.8,"median","qi"
"Adriatic",1.87864793130055,0.159826239629719,0.147053891480915,0.172700651291201,0.8,"median","qi"
"Adriatic",1.88903168031497,0.160493305529752,0.147636547595452,0.173457503756918,0.8,"median","qi"
"Adriatic",1.89941542932939,0.161130664355922,0.148154335854754,0.174207033634597,0.8,"median","qi"
"Adriatic",1.90979917834381,0.161732053131231,0.148622267716953,0.174856160861536,0.8,"median","qi"
"Adriatic",1.92018292735823,0.162400072648378,0.149138081223046,0.175554499866095,0.8,"median","qi"
"Adriatic",1.93056667637265,0.163034151638069,0.149760843174399,0.176373506988719,0.8,"median","qi"
"Adriatic",1.94095042538707,0.163661524342153,0.150378808616746,0.177098316295249,0.8,"median","qi"
"Adriatic",1.95133417440149,0.164336712678121,0.15091130188705,0.177871067319243,0.8,"median","qi"
"Adriatic",1.96171792341591,0.164963749638665,0.15153248901573,0.178537719939135,0.8,"median","qi"
"Adriatic",1.97210167243033,0.165718344816398,0.152075138612167,0.179231506821333,0.8,"median","qi"
"Adriatic",1.98248542144475,0.16636009106379,0.152686049345666,0.180106096378161,0.8,"median","qi"
"Adriatic",1.99286917045917,0.16701937763337,0.153401667338877,0.180785929037594,0.8,"median","qi"
"Adriatic",2.00325291947359,0.167713933490128,0.154009678897539,0.181562963830148,0.8,"median","qi"
"Adriatic",2.01363666848801,0.168352436407328,0.15462601082568,0.182397784609665,0.8,"median","qi"
"Adriatic",2.02402041750243,0.169048389143532,0.155144408749312,0.183146859074467,0.8,"median","qi"
"Adriatic",2.03440416651685,0.169731373189107,0.15576941053022,0.183924669072396,0.8,"median","qi"
"Adriatic",2.04478791553127,0.170474310120214,0.156325582037943,0.184702696284316,0.8,"median","qi"
"Adriatic",2.05517166454569,0.171228949507694,0.156945496732264,0.185421562207236,0.8,"median","qi"
"Adriatic",2.06555541356011,0.171955076876835,0.157534755938615,0.186224203310413,0.8,"median","qi"
"Adriatic",2.07593916257453,0.172738584710769,0.158147688260688,0.187128574570579,0.8,"median","qi"
"Adriatic",2.08632291158895,0.173437685424926,0.158684293667524,0.188027227910198,0.8,"median","qi"
"Adriatic",2.09670666060337,0.174192915885307,0.159440983653503,0.18889247876981,0.8,"median","qi"
"Adriatic",2.10709040961779,0.174899198320035,0.160105575340585,0.189766204880053,0.8,"median","qi"
"Adriatic",2.11747415863221,0.175666761110614,0.160759761351448,0.190548529475789,0.8,"median","qi"
"Adriatic",2.12785790764663,0.17638976817589,0.161488436842245,0.191388229039589,0.8,"median","qi"
"Adriatic",2.13824165666105,0.177217626380823,0.162083919225339,0.192260145819083,0.8,"median","qi"
"Adriatic",2.14862540567547,0.178052683374468,0.162777643802006,0.193050014319834,0.8,"median","qi"
"Adriatic",2.15900915468989,0.178878346304791,0.163495420525872,0.193988871466232,0.8,"median","qi"
"Adriatic",2.16939290370431,0.179702203052324,0.164211611129789,0.194851549134531,0.8,"median","qi"
"Adriatic",2.17977665271873,0.180447224469366,0.164896307717561,0.196079854504252,0.8,"median","qi"
"Adriatic",2.19016040173315,0.181195340262899,0.165582591807386,0.197004692887443,0.8,"median","qi"
"Adriatic",2.20054415074757,0.181848319481628,0.166340356246171,0.1979561040332,0.8,"median","qi"
"Adriatic",2.21092789976199,0.182591421791159,0.167157108863339,0.19912162438441,0.8,"median","qi"
"Adriatic",2.22131164877641,0.183388245016072,0.16783380803144,0.200179723503876,0.8,"median","qi"
"Adriatic",2.23169539779083,0.184243192087856,0.168414166399303,0.201265838308006,0.8,"median","qi"
"Adriatic",2.24207914680525,0.185136275670081,0.169107937865405,0.20231184302347,0.8,"median","qi"
"Adriatic",2.25246289581967,0.185838297382914,0.169679576206408,0.203264518116515,0.8,"median","qi"
"Adriatic",2.26284664483408,0.186614616999839,0.170348319708427,0.204280445808784,0.8,"median","qi"
"Adriatic",2.2732303938485,0.187385829006817,0.170853214315964,0.205417643374488,0.8,"median","qi"
"Adriatic",2.28361414286292,0.188270283024903,0.171379866113649,0.206613069105492,0.8,"median","qi"
"Adriatic",2.29399789187734,0.188986943868483,0.171760925062216,0.207831603496396,0.8,"median","qi"
"Adriatic",2.30438164089176,0.189827445547151,0.172423094360202,0.208920964304342,0.8,"median","qi"
"Adriatic",2.31476538990618,0.190604436470771,0.173006585425974,0.210223084659328,0.8,"median","qi"
"Adriatic",2.3251491389206,0.191483503956248,0.173621434980247,0.21138953198412,0.8,"median","qi"
"Adriatic",2.33553288793502,0.192372150516015,0.174125487325305,0.212653250906875,0.8,"median","qi"
"Adriatic",2.34591663694944,0.193252342822159,0.174605058287183,0.214095351246533,0.8,"median","qi"
"Adriatic",2.35630038596386,0.194202790811711,0.175225233594666,0.215527110085861,0.8,"median","qi"
"Adriatic",2.36668413497828,0.194956491524706,0.175695005604378,0.217107067946621,0.8,"median","qi"
"Adriatic",2.3770678839927,0.195852879864435,0.176250847706431,0.218385859926868,0.8,"median","qi"
"Adriatic",2.38745163300712,0.1967124880791,0.176734293374811,0.21972905056127,0.8,"median","qi"
"Adriatic",2.39783538202154,0.197560266921654,0.177340051933206,0.221118729898014,0.8,"median","qi"
"Adriatic",2.40821913103596,0.198368970008642,0.177952437048475,0.222849506096465,0.8,"median","qi"
"Adriatic",2.41860288005038,0.199242906955156,0.178315705420641,0.22439323105441,0.8,"median","qi"
"Adriatic",2.4289866290648,0.200154002995064,0.178692176124489,0.22609260911332,0.8,"median","qi"
"Adriatic",2.43937037807922,0.200922625236759,0.179077654945541,0.227690386030343,0.8,"median","qi"
"Adriatic",2.44975412709364,0.2018995583857,0.179571914816061,0.229443818453692,0.8,"median","qi"
"Adriatic",2.46013787610806,0.202882818733391,0.179977900198957,0.231001803297982,0.8,"median","qi"
"Adriatic",2.47052162512248,0.203831669902575,0.180375706134943,0.232962617703582,0.8,"median","qi"
"Adriatic",2.4809053741369,0.204712351884507,0.180654057074785,0.234729219202115,0.8,"median","qi"
"Adriatic",2.49128912315132,0.205734594455424,0.181020646361227,0.236571613938538,0.8,"median","qi"
"Adriatic",2.50167287216574,0.206417824220957,0.181475105129627,0.238587504340622,0.8,"median","qi"
"Adriatic",2.51205662118016,0.207464101587454,0.181672029355675,0.240531627621318,0.8,"median","qi"
"Cyprus",0.690663189290625,0.0490468094051639,0.0429089236569025,0.0546687634382002,0.8,"median","qi"
"Cyprus",0.696076339409494,0.0484918525974831,0.0425640403962079,0.0539880762163017,0.8,"median","qi"
"Cyprus",0.701489489528363,0.047981282516502,0.0422154434760008,0.0532850270468027,0.8,"median","qi"
"Cyprus",0.706902639647232,0.0475037774409904,0.0418592420970398,0.0526349472619849,0.8,"median","qi"
"Cyprus",0.712315789766101,0.0469756935844778,0.0415716810206005,0.0520047379609855,0.8,"median","qi"
"Cyprus",0.71772893988497,0.0464883850920283,0.0411904020571228,0.0513990543912965,0.8,"median","qi"
"Cyprus",0.723142090003839,0.0459725245321912,0.0408092874999656,0.0508140158485672,0.8,"median","qi"
"Cyprus",0.728555240122708,0.0454912507082949,0.0404349666411088,0.0502351792333946,0.8,"median","qi"
"Cyprus",0.733968390241577,0.0450321904567695,0.0400471623526047,0.0496931341500795,0.8,"median","qi"
"Cyprus",0.739381540360446,0.0445983622319921,0.0397142141904413,0.049103275694629,0.8,"median","qi"
"Cyprus",0.744794690479315,0.0441306829985318,0.0393635613156328,0.0485705613565113,0.8,"median","qi"
"Cyprus",0.750207840598184,0.043673777757247,0.0390013458219612,0.048046341160537,0.8,"median","qi"
"Cyprus",0.755620990717053,0.0432085191379067,0.0386016046829182,0.0475621758575122,0.8,"median","qi"
"Cyprus",0.761034140835922,0.0427931780936552,0.0382575184661378,0.0471324348811459,0.8,"median","qi"
"Cyprus",0.766447290954791,0.0423323858984,0.0378915628427532,0.0467199422079246,0.8,"median","qi"
"Cyprus",0.77186044107366,0.041926109103138,0.0375014186074243,0.0462993300812211,0.8,"median","qi"
"Cyprus",0.777273591192529,0.041540589663584,0.0371842524728295,0.0459734371481319,0.8,"median","qi"
"Cyprus",0.782686741311398,0.0411451889308029,0.0368381812777506,0.0455702737640251,0.8,"median","qi"
"Cyprus",0.788099891430267,0.0407674154532565,0.036523455073641,0.0451843779823078,0.8,"median","qi"
"Cyprus",0.793513041549136,0.0404130737714496,0.0361789028557238,0.0448035306952867,0.8,"median","qi"
"Cyprus",0.798926191668005,0.0400322171395373,0.0358317632246571,0.0444670329177658,0.8,"median","qi"
"Cyprus",0.804339341786874,0.0396786381943067,0.0354287260864419,0.0441034682779164,0.8,"median","qi"
"Cyprus",0.809752491905743,0.0393291375303759,0.0350865858783093,0.0437941030320396,0.8,"median","qi"
"Cyprus",0.815165642024612,0.0390103594269926,0.0347632553808668,0.0434466033413976,0.8,"median","qi"
"Cyprus",0.820578792143481,0.0386929683378823,0.0344277718056849,0.0431748138007705,0.8,"median","qi"
"Cyprus",0.82599194226235,0.0383766636531892,0.0341454867347289,0.042891943685345,0.8,"median","qi"
"Cyprus",0.831405092381219,0.0380870847545706,0.0338488700544171,0.0426152207232853,0.8,"median","qi"
"Cyprus",0.836818242500088,0.0378115777430717,0.0335648117952462,0.0422850578049342,0.8,"median","qi"
"Cyprus",0.842231392618957,0.0375148249813976,0.0332716438784702,0.0420340985477391,0.8,"median","qi"
"Cyprus",0.847644542737826,0.0372670276056476,0.033018436334349,0.0418487106043025,0.8,"median","qi"
"Cyprus",0.853057692856695,0.0370154259749448,0.0327394659375052,0.0416208917454648,0.8,"median","qi"
"Cyprus",0.858470842975564,0.0367746578507368,0.0324895443090562,0.0414061089410681,0.8,"median","qi"
"Cyprus",0.863883993094433,0.0365485587876372,0.0322291950527269,0.0412237626532752,0.8,"median","qi"
"Cyprus",0.869297143213302,0.0362969532546966,0.0319833778261866,0.0410016492422269,0.8,"median","qi"
"Cyprus",0.874710293332171,0.036065187687842,0.0317569777947142,0.0407905974239492,0.8,"median","qi"
"Cyprus",0.88012344345104,0.0358675417583779,0.0315351992665823,0.0406159438471052,0.8,"median","qi"
"Cyprus",0.885536593569909,0.0356325460208736,0.0313302816392458,0.0404601958426791,0.8,"median","qi"
"Cyprus",0.890949743688778,0.035424173918232,0.0310790573804692,0.0402796923744262,0.8,"median","qi"
"Cyprus",0.896362893807647,0.0352145686589978,0.0308620858837779,0.0400738675797461,0.8,"median","qi"
"Cyprus",0.901776043926516,0.0350428816697968,0.0306637051317382,0.0398886025276017,0.8,"median","qi"
"Cyprus",0.907189194045385,0.0348624643147701,0.0304736255878064,0.0397042192961896,0.8,"median","qi"
"Cyprus",0.912602344164254,0.0346875205370788,0.0302842411152872,0.0396151915802741,0.8,"median","qi"
"Cyprus",0.918015494283123,0.034521134543298,0.0301054586587092,0.0395383528671926,0.8,"median","qi"
"Cyprus",0.923428644401992,0.0343634694152206,0.029920870894968,0.0394332719525696,0.8,"median","qi"
"Cyprus",0.928841794520861,0.0342142473859889,0.0297322581360508,0.0393060472677464,0.8,"median","qi"
"Cyprus",0.93425494463973,0.0340784434201112,0.0295353381935254,0.0391709443125076,0.8,"median","qi"
"Cyprus",0.939668094758599,0.0339590760228048,0.0293674475070465,0.0390288187774624,0.8,"median","qi"
"Cyprus",0.945081244877468,0.0338223572148345,0.0291897883705664,0.0388681391680735,0.8,"median","qi"
"Cyprus",0.950494394996337,0.0336945852735101,0.0290217720470565,0.0387439934028309,0.8,"median","qi"
"Cyprus",0.955907545115206,0.0335675749561409,0.0288785999605226,0.0386480365198372,0.8,"median","qi"
"Cyprus",0.961320695234075,0.0334495695426352,0.0287144074648982,0.0385673674854581,0.8,"median","qi"
"Cyprus",0.966733845352944,0.0333315228370178,0.028605145611171,0.0384437849977666,0.8,"median","qi"
"Cyprus",0.972146995471813,0.0332148221020492,0.0284503929950404,0.038333454224155,0.8,"median","qi"
"Cyprus",0.977560145590682,0.0330925915064323,0.0283104405343656,0.0382283131866119,0.8,"median","qi"
"Cyprus",0.982973295709551,0.0329819480358842,0.028159213467046,0.0381735405678277,0.8,"median","qi"
"Cyprus",0.98838644582842,0.0328708132409442,0.0280344024983272,0.038056586444479,0.8,"median","qi"
"Cyprus",0.993799595947289,0.0327405173164218,0.0279128458299845,0.0379756315677449,0.8,"median","qi"
"Cyprus",0.999212746066158,0.0326452427806926,0.0277970549049593,0.0379151951791934,0.8,"median","qi"
"Cyprus",1.00462589618503,0.0325757927933912,0.027647342994356,0.0378599937141737,0.8,"median","qi"
"Cyprus",1.0100390463039,0.0324947554304209,0.0275337527651138,0.0377951063715233,0.8,"median","qi"
"Cyprus",1.01545219642276,0.0324011716116868,0.0274066002607086,0.0377209643953043,0.8,"median","qi"
"Cyprus",1.02086534654163,0.0323429887176645,0.0273152684523061,0.037660452418278,0.8,"median","qi"
"Cyprus",1.0262784966605,0.0322367763270146,0.027182168859583,0.037609319924883,0.8,"median","qi"
"Cyprus",1.03169164677937,0.0321524112732528,0.0270132790845001,0.0375472656558506,0.8,"median","qi"
"Cyprus",1.03710479689824,0.0320638419510794,0.0268695160947361,0.0375187906821622,0.8,"median","qi"
"Cyprus",1.04251794701711,0.0319545741586362,0.0267555676142718,0.0374415833714536,0.8,"median","qi"
"Cyprus",1.04793109713598,0.0319007888909564,0.0266001543996947,0.0373760244883246,0.8,"median","qi"
"Cyprus",1.05334424725485,0.0318208160066269,0.0264783077676996,0.037328235033784,0.8,"median","qi"
"Cyprus",1.05875739737372,0.0317545347552702,0.0263384461274524,0.0372770138572844,0.8,"median","qi"
"Cyprus",1.06417054749259,0.0316544899369377,0.0261917392061046,0.0372378888999822,0.8,"median","qi"
"Cyprus",1.06958369761145,0.0315684350292991,0.0260293654431073,0.037228253405221,0.8,"median","qi"
"Cyprus",1.07499684773032,0.0314442868838108,0.0258609134405352,0.0371344763786341,0.8,"median","qi"
"Cyprus",1.08040999784919,0.0313173068404234,0.0256899492516683,0.0370868853143024,0.8,"median","qi"
"Cyprus",1.08582314796806,0.0311927675482131,0.0255175496734047,0.0369983568951585,0.8,"median","qi"
"Cyprus",1.09123629808693,0.031082206510106,0.0253499572467329,0.0369376478434859,0.8,"median","qi"
"Cyprus",1.0966494482058,0.0309828698527847,0.0251995674903321,0.0368675979435983,0.8,"median","qi"
"Cyprus",1.10206259832467,0.0308672898887056,0.025031337469951,0.0368209078155001,0.8,"median","qi"
"Cyprus",1.10747574844354,0.030755267002758,0.0248864274296277,0.0367308187939311,0.8,"median","qi"
"Cyprus",1.11288889856241,0.0306071373615009,0.0247248001929326,0.0366926496415282,0.8,"median","qi"
"Cyprus",1.11830204868128,0.0304694988928701,0.0245980630583818,0.0366463999888587,0.8,"median","qi"
"Cyprus",1.12371519880014,0.0303343754310119,0.0244146153009025,0.0365531886163474,0.8,"median","qi"
"Cyprus",1.12912834891901,0.0301557211384492,0.0242272485613742,0.0365197232259104,0.8,"median","qi"
"Cyprus",1.13454149903788,0.030018116846826,0.024075780695365,0.0364835239241366,0.8,"median","qi"
"Cyprus",1.13995464915675,0.0298668402598273,0.0238926425914608,0.0363825734512622,0.8,"median","qi"
"Cyprus",1.14536779927562,0.0297077923850311,0.0236945543818026,0.0362760094046814,0.8,"median","qi"
"Cyprus",1.15078094939449,0.0295626163499453,0.0234734256670002,0.0361614408895768,0.8,"median","qi"
"Cyprus",1.15619409951336,0.0294019438344399,0.0232142791435024,0.0360327703380803,0.8,"median","qi"
"Cyprus",1.16160724963223,0.0292274697523442,0.0229420073394716,0.0359287317670082,0.8,"median","qi"
"Cyprus",1.1670203997511,0.0290262767515972,0.0227082087742077,0.0358320079453233,0.8,"median","qi"
"Cyprus",1.17243354986997,0.0288384077031995,0.0224560661542278,0.0357111006297944,0.8,"median","qi"
"Cyprus",1.17784669998883,0.0286855429046413,0.0222229712824042,0.0356072638349942,0.8,"median","qi"
"Cyprus",1.1832598501077,0.0285327211099084,0.0219574695189862,0.0354926782880499,0.8,"median","qi"
"Cyprus",1.18867300022657,0.0283484215332427,0.0216282878370781,0.0353443613898723,0.8,"median","qi"
"Cyprus",1.19408615034544,0.0281416325444992,0.0213663163083082,0.0351796245793894,0.8,"median","qi"
"Cyprus",1.19949930046431,0.0279785705779402,0.0211331014515086,0.0350388328209864,0.8,"median","qi"
"Cyprus",1.20491245058318,0.0277654518780022,0.0207939915378413,0.034934120400567,0.8,"median","qi"
"Cyprus",1.21032560070205,0.027547935701849,0.0204746863521674,0.0347798347617807,0.8,"median","qi"
"Cyprus",1.21573875082092,0.0273366065447185,0.0202193076493568,0.0346342996206843,0.8,"median","qi"
"Cyprus",1.22115190093979,0.0270922914155151,0.0198922825116075,0.0345043865387097,0.8,"median","qi"
"Cyprus",1.22656505105866,0.0268169279143425,0.0195831507471349,0.034374574923101,0.8,"median","qi"
"Cyprus",1.23197820117752,0.0265791245465458,0.0192066543084007,0.0342761818437107,0.8,"median","qi"
"Cyprus",1.23739135129639,0.026310842785887,0.0188675358971745,0.0341080100562009,0.8,"median","qi"
"Cyprus",1.24280450141526,0.0260244898596417,0.0184949821595063,0.0339605193995574,0.8,"median","qi"
"Cyprus",1.24821765153413,0.0257897745743188,0.018108170762553,0.0337970150503236,0.8,"median","qi"
"Cyprus",1.253630801653,0.0255706891099389,0.0177607735330212,0.0336161330479929,0.8,"median","qi"
"Cyprus",1.25904395177187,0.0253530628507975,0.0174772810173002,0.033468170802773,0.8,"median","qi"
"Cyprus",1.26445710189074,0.0250842134958243,0.0171392175928786,0.03328953925442,0.8,"median","qi"
"Cyprus",1.26987025200961,0.0248446388936205,0.0167800809769075,0.0331425622453511,0.8,"median","qi"
"Cyprus",1.27528340212848,0.0245814677622426,0.0164005766504397,0.0329421314800819,0.8,"median","qi"
"Cyprus",1.28069655224735,0.0243383631661027,0.0159849882601166,0.0327581985186894,0.8,"median","qi"
"Cyprus",1.28610970236621,0.0240714940730778,0.0155644824890163,0.0325652271083914,0.8,"median","qi"
"Cyprus",1.29152285248508,0.0238215006446304,0.0152133991415501,0.0323514152142233,0.8,"median","qi"
"Cyprus",1.29693600260395,0.0235563739390061,0.0148021931803912,0.0321319719715143,0.8,"median","qi"
"Cyprus",1.30234915272282,0.0232613628603895,0.0144997607093939,0.0319394021668577,0.8,"median","qi"
"Cyprus",1.30776230284169,0.0229958756986756,0.0141808969385824,0.0317596902547824,0.8,"median","qi"
"Cyprus",1.31317545296056,0.0227271038083082,0.0137660063622786,0.031558545153816,0.8,"median","qi"
"Cyprus",1.31858860307943,0.0224253938178685,0.0133522781943126,0.0313696348098393,0.8,"median","qi"
"Cyprus",1.3240017531983,0.022130351574562,0.0130158984746531,0.0311816560669662,0.8,"median","qi"
"Cyprus",1.32941490331717,0.0218486226903452,0.0126192213655444,0.0310378259513583,0.8,"median","qi"
"Cyprus",1.33482805343604,0.0216024173057845,0.0122356185365928,0.0308353488205062,0.8,"median","qi"
"Cyprus",1.3402412035549,0.0213107559628633,0.0117932557004897,0.0307122796795296,0.8,"median","qi"
"Cyprus",1.34565435367377,0.02104311400615,0.0114009796148492,0.0304423914443334,0.8,"median","qi"
"Cyprus",1.35106750379264,0.0207224683415666,0.0110244718188262,0.0301916256982745,0.8,"median","qi"
"Cyprus",1.35648065391151,0.0204366443031884,0.0105839803704416,0.0299978403624293,0.8,"median","qi"
"Cyprus",1.36189380403038,0.0201810350434803,0.0102305680474604,0.0298251126979044,0.8,"median","qi"
"Cyprus",1.36730695414925,0.0198956355779279,0.00994725941215272,0.0296607556761899,0.8,"median","qi"
"Cyprus",1.37272010426812,0.0195885932240259,0.00957953714579133,0.0294178785903638,0.8,"median","qi"
"Cyprus",1.37813325438699,0.0192645974326716,0.00913827734477144,0.0291394311761674,0.8,"median","qi"
"Cyprus",1.38354640450586,0.018959814716982,0.00869689472355077,0.0289283300290925,0.8,"median","qi"
"Cyprus",1.38895955462473,0.0186861196139443,0.0083311751255608,0.028735843743861,0.8,"median","qi"
"Cyprus",1.39437270474359,0.0183710805562105,0.00799190832514187,0.028516275867731,0.8,"median","qi"
"Cyprus",1.39978585486246,0.0180638893737761,0.00763535672521859,0.0282872052385871,0.8,"median","qi"
"Cyprus",1.40519900498133,0.0177638287446457,0.00714308793955895,0.0282089225074778,0.8,"median","qi"
"Cyprus",1.4106121551002,0.0174546721752035,0.00676172287393413,0.0280245223638237,0.8,"median","qi"
"Cyprus",1.41602530521907,0.0171987029481063,0.00640157985888457,0.0277743833959922,0.8,"median","qi"
"Cyprus",1.42143845533794,0.0169424088594452,0.00600512263830997,0.0276413689380244,0.8,"median","qi"
"Cyprus",1.42685160545681,0.0166503332734394,0.0056209601334308,0.0273968910247556,0.8,"median","qi"
"Cyprus",1.43226475557568,0.0163529072484266,0.00522535531814857,0.0272071677137284,0.8,"median","qi"
"Cyprus",1.43767790569455,0.016049028658592,0.00482947864169222,0.0269692851920284,0.8,"median","qi"
"Cyprus",1.44309105581342,0.0157648727692233,0.00443215082549897,0.0267177746775188,0.8,"median","qi"
"Cyprus",1.44850420593228,0.0154886408948056,0.00406217016453735,0.0264516276753957,0.8,"median","qi"
"Cyprus",1.45391735605115,0.0151976318742353,0.00374236582592361,0.0262484156209485,0.8,"median","qi"
"Cyprus",1.45933050617002,0.0148762624679434,0.00344626029951538,0.0260727890288403,0.8,"median","qi"
"Cyprus",1.46474365628889,0.0145667924227757,0.0030682691548631,0.0258706088155028,0.8,"median","qi"
"Cyprus",1.47015680640776,0.0143482568775011,0.00264826869673923,0.0256442430155614,0.8,"median","qi"
"Cyprus",1.47556995652663,0.0140722396103703,0.00223681231035281,0.0254329156591983,0.8,"median","qi"
"Cyprus",1.4809831066455,0.0137763818518486,0.00199492266263608,0.0252335438141008,0.8,"median","qi"
"Cyprus",1.48639625676437,0.0135032989236399,0.00165382028118402,0.0250220370620768,0.8,"median","qi"
"Cyprus",1.49180940688324,0.0131929668502665,0.00129509078521817,0.0248278060613022,0.8,"median","qi"
"Cyprus",1.49722255700211,0.0129315284766243,0.000989650454883091,0.02466717129947,0.8,"median","qi"
"Cyprus",1.50263570712097,0.0127228409792687,0.000684543800602189,0.0245502922951076,0.8,"median","qi"
"Cyprus",1.50804885723984,0.0125216462427104,0.000333880456407531,0.0243874054543304,0.8,"median","qi"
"Cyprus",1.51346200735871,0.0122518558944866,8.31074546555578e-05,0.0241975494581919,0.8,"median","qi"
"Cyprus",1.51887515747758,0.0119747676298268,0,0.0240157982366689,0.8,"median","qi"
"Cyprus",1.52428830759645,0.0117910293879721,0,0.023835373112842,0.8,"median","qi"
"Cyprus",1.52970145771532,0.011587208360423,0,0.0236731473663499,0.8,"median","qi"
"Cyprus",1.53511460783419,0.0114073575106066,0,0.0235378954551437,0.8,"median","qi"
"Cyprus",1.54052775795306,0.0111775389151156,0,0.0234380668006273,0.8,"median","qi"
"Cyprus",1.54594090807193,0.0110109010642412,0,0.0233326421860671,0.8,"median","qi"
"Cyprus",1.5513540581908,0.0108332337480843,0,0.0231904623134414,0.8,"median","qi"
"Cyprus",1.55676720830966,0.010633198163134,0,0.023081465463666,0.8,"median","qi"
"Cyprus",1.56218035842853,0.0104655165681106,0,0.0229874815054683,0.8,"median","qi"
"Cyprus",1.5675935085474,0.0103015544938573,0,0.0228978704739951,0.8,"median","qi"
"Cyprus",1.57300665866627,0.010166153575282,0,0.0227999112354494,0.8,"median","qi"
"Cyprus",1.57841980878514,0.0100156816627803,0,0.0227101259593086,0.8,"median","qi"
"Cyprus",1.58383295890401,0.00986381499803796,0,0.0225854375843145,0.8,"median","qi"
"Cyprus",1.58924610902288,0.00966971318176091,0,0.022480180937421,0.8,"median","qi"
"Cyprus",1.59465925914175,0.00954730624985629,0,0.0223504889126713,0.8,"median","qi"
"Cyprus",1.60007240926062,0.00942894123234655,0,0.022326975281757,0.8,"median","qi"
"Cyprus",1.60548555937949,0.00927863843785725,0,0.0222850764434113,0.8,"median","qi"
"Cyprus",1.61089870949835,0.00913816546596841,0,0.0222260124666879,0.8,"median","qi"
"Cyprus",1.61631185961722,0.00900251035245757,0,0.0221069465686927,0.8,"median","qi"
"Cyprus",1.62172500973609,0.00883699911474357,0,0.0220593383773085,0.8,"median","qi"
"Cyprus",1.62713815985496,0.00878797959083435,0,0.0221047332391463,0.8,"median","qi"
"Cyprus",1.63255130997383,0.00874036729877963,0,0.0221060902438564,0.8,"median","qi"
"Cyprus",1.6379644600927,0.00869094284671124,0,0.0220592789846199,0.8,"median","qi"
"Cyprus",1.64337761021157,0.00862626751068567,0,0.02204765792061,0.8,"median","qi"
"Cyprus",1.64879076033044,0.00860065448948136,0,0.0220949925819256,0.8,"median","qi"
"Cyprus",1.65420391044931,0.00859110127434328,0,0.0222853686320102,0.8,"median","qi"
"Cyprus",1.65961706056818,0.00860690770737363,0,0.0225116632432531,0.8,"median","qi"
"Cyprus",1.66503021068704,0.0085977091215001,0,0.022648067357499,0.8,"median","qi"
"Cyprus",1.67044336080591,0.00862040932781364,0,0.022676241193847,0.8,"median","qi"
"Cyprus",1.67585651092478,0.00864714158876057,0,0.0227325542779399,0.8,"median","qi"
"Cyprus",1.68126966104365,0.0086833305671385,0,0.0229174982292847,0.8,"median","qi"
"Cyprus",1.68668281116252,0.00872423225140957,0,0.0231212271947431,0.8,"median","qi"
"Cyprus",1.69209596128139,0.00876375916662096,0,0.0232386064833016,0.8,"median","qi"
"Cyprus",1.69750911140026,0.00884864304523582,0,0.0235611315220652,0.8,"median","qi"
"Cyprus",1.70292226151913,0.00886931869202461,0,0.0238550010437434,0.8,"median","qi"
"Cyprus",1.708335411638,0.00900200280023331,0,0.024082401388436,0.8,"median","qi"
"Cyprus",1.71374856175686,0.00899747729235015,0,0.0243097371941067,0.8,"median","qi"
"Cyprus",1.71916171187573,0.00921878409435418,0,0.0244591839134488,0.8,"median","qi"
"Cyprus",1.7245748619946,0.00931412430290984,0,0.0245682455762054,0.8,"median","qi"
"Cyprus",1.72998801211347,0.00947627467912722,0,0.024840500317105,0.8,"median","qi"
"Cyprus",1.73540116223234,0.00970989560150248,0,0.0251637276493689,0.8,"median","qi"
"Cyprus",1.74081431235121,0.00988556803018486,0,0.0254479275838825,0.8,"median","qi"
"Cyprus",1.74622746247008,0.0100441301823767,0,0.025825070256658,0.8,"median","qi"
"Cyprus",1.75164061258895,0.0102583211352761,0,0.0260037499743905,0.8,"median","qi"
"Cyprus",1.75705376270782,0.010394524500992,0,0.0263183883700539,0.8,"median","qi"
"Cyprus",1.76246691282669,0.0105895877837863,0,0.0266212403413647,0.8,"median","qi"
"Cyprus",1.76788006294556,0.0106994801265479,0,0.0270156339231036,0.8,"median","qi"
"Lyon",0.447005125949928,0.133527144629732,0.118791387840219,0.149611312914703,0.8,"median","qi"
"Lyon",0.474900471529688,0.132642213974683,0.117985890033858,0.148540954847219,0.8,"median","qi"
"Lyon",0.502795817109449,0.131719045550248,0.117359137157162,0.147349586256745,0.8,"median","qi"
"Lyon",0.530691162689209,0.130698703419246,0.116595235888098,0.146225842036259,0.8,"median","qi"
"Lyon",0.558586508268969,0.129668814214464,0.115677863419692,0.145209901274952,0.8,"median","qi"
"Lyon",0.586481853848729,0.128747885631383,0.114953887805063,0.144268661809939,0.8,"median","qi"
"Lyon",0.614377199428489,0.127878119897916,0.114069854743499,0.143308326044506,0.8,"median","qi"
"Lyon",0.64227254500825,0.127339218333018,0.113603338684764,0.142065147972008,0.8,"median","qi"
"Lyon",0.67016789058801,0.126628886719218,0.113084754783545,0.141230122675426,0.8,"median","qi"
"Lyon",0.69806323616777,0.12604585073061,0.112692022864645,0.140449480599944,0.8,"median","qi"
"Lyon",0.72595858174753,0.125653107125836,0.11236178075394,0.139766818369356,0.8,"median","qi"
"Lyon",0.753853927327291,0.125419615020151,0.112536053481512,0.139121716274768,0.8,"median","qi"
"Lyon",0.781749272907051,0.125373135727415,0.112529349580447,0.138448748605787,0.8,"median","qi"
"Lyon",0.809644618486811,0.125473971384145,0.113032711360751,0.137958896036825,0.8,"median","qi"
"Lyon",0.837539964066571,0.12570148639837,0.113445991400932,0.13736131036189,0.8,"median","qi"
"Lyon",0.865435309646331,0.126340645565531,0.11426113754578,0.136983175487013,0.8,"median","qi"
"Lyon",0.893330655226092,0.126967228504122,0.115484117366429,0.137084587991375,0.8,"median","qi"
"Lyon",0.921226000805852,0.127721574335754,0.116713155485534,0.137075498395275,0.8,"median","qi"
"Lyon",0.949121346385612,0.128702174464523,0.117727617011784,0.137522636546469,0.8,"median","qi"
"Lyon",0.977016691965372,0.129897318222934,0.119172710346194,0.138104887040936,0.8,"median","qi"
"Lyon",1.00491203754513,0.131026437030018,0.120109789827187,0.138980206156024,0.8,"median","qi"
"Lyon",1.03280738312489,0.1321032878033,0.12123454827483,0.140295325668012,0.8,"median","qi"
"Lyon",1.06070272870465,0.133176148834458,0.121735650709321,0.141352208874647,0.8,"median","qi"
"Lyon",1.08859807428441,0.13424542740869,0.122178427320227,0.142631764309079,0.8,"median","qi"
"Lyon",1.11649341986417,0.135063038945591,0.12264893114968,0.144002167488347,0.8,"median","qi"
"Lyon",1.14438876544393,0.135535297904597,0.122917289686811,0.145533745959853,0.8,"median","qi"
"Lyon",1.17228411102369,0.135986827388477,0.123093958096261,0.146605390390839,0.8,"median","qi"
"Lyon",1.20017945660345,0.136125959919753,0.123235978037778,0.147286807015979,0.8,"median","qi"
"Lyon",1.22807480218321,0.136187964581157,0.123457889958914,0.147884970723272,0.8,"median","qi"
"Lyon",1.25597014776297,0.135914994052271,0.123428602088837,0.148164013497202,0.8,"median","qi"
"Lyon",1.28386549334273,0.135501992583893,0.123329107980737,0.148307325604525,0.8,"median","qi"
"Lyon",1.31176083892249,0.134973970812459,0.122910396896877,0.148485359130865,0.8,"median","qi"
"Lyon",1.33965618450225,0.134315420332905,0.122569500029735,0.14851891977218,0.8,"median","qi"
"Lyon",1.36755153008202,0.133709413686256,0.121902962098286,0.14845928360138,0.8,"median","qi"
"Lyon",1.39544687566178,0.133140326043197,0.121148078830976,0.148520563497337,0.8,"median","qi"
"Lyon",1.42334222124154,0.132575795536948,0.120358264539985,0.148758421320976,0.8,"median","qi"
"Lyon",1.4512375668213,0.132084198876146,0.119937468627933,0.148954274039847,0.8,"median","qi"
"Lyon",1.47913291240106,0.132044459341669,0.119209312313826,0.148942220444734,0.8,"median","qi"
"Lyon",1.50702825798082,0.132124529814744,0.118612888026019,0.149325008507062,0.8,"median","qi"
"Lyon",1.53492360356058,0.132529854830656,0.118053485941938,0.149870289255004,0.8,"median","qi"
"Lyon",1.56281894914034,0.1331208949126,0.117446989850108,0.150382805559523,0.8,"median","qi"
"Lyon",1.5907142947201,0.134046130703067,0.117576549086388,0.151935807448508,0.8,"median","qi"
"Lyon",1.61860964029986,0.135356607415448,0.118066015098699,0.153834638743447,0.8,"median","qi"
"Lyon",1.64650498587962,0.137113435383829,0.119354481598889,0.156224151919106,0.8,"median","qi"
"Lyon",1.67440033145938,0.139284468109157,0.121313679696139,0.159234215698323,0.8,"median","qi"
"Lyon",1.70229567703914,0.142016384453901,0.123486541638333,0.16253866917646,0.8,"median","qi"
"Lyon",1.7301910226189,0.1452665904116,0.126449379866956,0.167283948693336,0.8,"median","qi"
"Lyon",1.75808636819866,0.148951504556429,0.130295122947552,0.172478727333296,0.8,"median","qi"
"Lyon",1.78598171377842,0.153037996792592,0.134240726689308,0.178172308869339,0.8,"median","qi"
"Lyon",1.81387705935818,0.157789284333799,0.138798397222581,0.184508510089647,0.8,"median","qi"
"Lyon",1.84177240493794,0.162715256300352,0.14378794966238,0.191459551296052,0.8,"median","qi"
"Lyon",1.8696677505177,0.168204243264873,0.148687967158156,0.198891596187873,0.8,"median","qi"
"Lyon",1.89756309609746,0.174167283090467,0.154106381263212,0.207081218585163,0.8,"median","qi"
"Lyon",1.92545844167722,0.180811766021675,0.158948161206379,0.215493395913801,0.8,"median","qi"
"Lyon",1.95335378725698,0.187894644432296,0.16434893132143,0.224680554947418,0.8,"median","qi"
"Lyon",1.98124913283674,0.195773743983413,0.169918438043712,0.233942646834854,0.8,"median","qi"
"Lyon",2.0091444784165,0.204242542604093,0.17512046423421,0.243846726122085,0.8,"median","qi"
"Lyon",2.03703982399626,0.212793036520335,0.180496511431448,0.254175631721469,0.8,"median","qi"
"Lyon",2.06493516957602,0.221683201103336,0.185156657489136,0.26450495019378,0.8,"median","qi"
"Lyon",2.09283051515578,0.230481232099229,0.189389186698662,0.274996036606165,0.8,"median","qi"
"Lyon",2.12072586073554,0.239307821575259,0.193862502008842,0.285159813634051,0.8,"median","qi"
"Lyon",2.1486212063153,0.248126510661498,0.198208687159919,0.295185233753507,0.8,"median","qi"
"Lyon",2.17651655189506,0.25673730396636,0.202364496919496,0.305017356771582,0.8,"median","qi"
"Lyon",2.20441189747482,0.266106580910039,0.20634469979319,0.314171854460211,0.8,"median","qi"
"Lyon",2.23230724305458,0.274906283312891,0.210017122145912,0.322837022796359,0.8,"median","qi"
"Lyon",2.26020258863434,0.283560305961131,0.213688556723377,0.330866794606506,0.8,"median","qi"
"Lyon",2.2880979342141,0.291830304224032,0.216805653394004,0.338761571297296,0.8,"median","qi"
"Lyon",2.31599327979386,0.299272570073018,0.219685006720684,0.345653826619905,0.8,"median","qi"
"Lyon",2.34388862537362,0.306438302029807,0.222429179276867,0.351939695245955,0.8,"median","qi"
"Lyon",2.37178397095338,0.312526033282849,0.224700331750712,0.35756150964316,0.8,"median","qi"
"Lyon",2.39967931653314,0.317839734528922,0.227088270852901,0.362349627741555,0.8,"median","qi"
"Lyon",2.4275746621129,0.322226691944056,0.228754058741834,0.366234473558592,0.8,"median","qi"
"Lyon",2.45547000769266,0.325495395791028,0.229956146880432,0.369894620576988,0.8,"median","qi"
"Lyon",2.48336535327242,0.327959770786376,0.231110869762395,0.37188748099815,0.8,"median","qi"
"Lyon",2.51126069885218,0.329489337520227,0.231978823180033,0.373416651106886,0.8,"median","qi"
"Lyon",2.53915604443194,0.330420903105137,0.232353358051497,0.3743069935359,0.8,"median","qi"
"Lyon",2.5670513900117,0.330666190474755,0.232787955554302,0.37494753370788,0.8,"median","qi"
"Lyon",2.59494673559146,0.33056819598631,0.232276389031513,0.374088412838985,0.8,"median","qi"
"Lyon",2.62284208117122,0.329283836602064,0.23130985656469,0.372814090807,0.8,"median","qi"
"Lyon",2.65073742675099,0.327180880678538,0.231035224982544,0.371113856815773,0.8,"median","qi"
"Lyon",2.67863277233075,0.325192347803474,0.230897358906431,0.368850358921062,0.8,"median","qi"
"Lyon",2.70652811791051,0.321903958004725,0.229649230850867,0.365375839073655,0.8,"median","qi"
"Lyon",2.73442346349027,0.317833176950539,0.228654384289476,0.361375474932537,0.8,"median","qi"
"Lyon",2.76231880907003,0.31340158359012,0.226489425697673,0.357009946287344,0.8,"median","qi"
"Lyon",2.79021415464979,0.308699197822147,0.225493970099178,0.351840812790504,0.8,"median","qi"
"Lyon",2.81810950022955,0.303613389994244,0.224192192489052,0.346823784878948,0.8,"median","qi"
"Lyon",2.84600484580931,0.297899345500677,0.221960307013935,0.340922638182843,0.8,"median","qi"
"Lyon",2.87390019138907,0.292541231550708,0.220062879747572,0.334854499017315,0.8,"median","qi"
"Lyon",2.90179553696883,0.286138034510871,0.217849196802545,0.328042260991672,0.8,"median","qi"
"Lyon",2.92969088254859,0.279634035829931,0.215450686747368,0.32152020370375,0.8,"median","qi"
"Lyon",2.95758622812835,0.273055967929524,0.212912970645242,0.314159125235057,0.8,"median","qi"
"Lyon",2.98548157370811,0.265822064395261,0.210266721794244,0.306129070180622,0.8,"median","qi"
"Lyon",3.01337691928787,0.259257483809267,0.206479051878234,0.298349762707415,0.8,"median","qi"
"Lyon",3.04127226486763,0.252743719364607,0.203760782332278,0.290753461767661,0.8,"median","qi"
"Lyon",3.06916761044739,0.245826390347985,0.19914112814896,0.28308961369485,0.8,"median","qi"
"Lyon",3.09706295602715,0.239300605954371,0.19406835662164,0.275189805355724,0.8,"median","qi"
"Lyon",3.12495830160691,0.233693100276802,0.189431117185816,0.267833006556121,0.8,"median","qi"
"Lyon",3.15285364718667,0.227430756249418,0.184207789370338,0.260849714754717,0.8,"median","qi"
"Lyon",3.18074899276643,0.221248921149537,0.177255416523504,0.254212267290592,0.8,"median","qi"
"Lyon",3.20864433834619,0.215678896149052,0.171495476291914,0.246987101298603,0.8,"median","qi"
"Lyon",3.23653968392595,0.209676495210878,0.16661866083973,0.239909108857742,0.8,"median","qi"
"Lyon",3.26443502950571,0.203656934892132,0.160301730189382,0.233096031103449,0.8,"median","qi"
"Lyon",3.29233037508547,0.197800103341867,0.155998159029438,0.226824928716906,0.8,"median","qi"
"Lyon",3.32022572066523,0.192003102784362,0.150874459839342,0.221773686352857,0.8,"median","qi"
"Lyon",3.34812106624499,0.186162501561992,0.145402366920894,0.216098558951975,0.8,"median","qi"
"Lyon",3.37601641182475,0.180587627616741,0.140689505378513,0.21137143914969,0.8,"median","qi"
"Lyon",3.40391175740451,0.174969321607423,0.13641464695856,0.206793992878147,0.8,"median","qi"
"Lyon",3.43180710298427,0.169142916628071,0.132460182250317,0.201793873370883,0.8,"median","qi"
"Lyon",3.45970244856403,0.164399782235579,0.127149367675015,0.19733413828843,0.8,"median","qi"
"Lyon",3.48759779414379,0.159527740666109,0.122332135103399,0.193241386492446,0.8,"median","qi"
"Lyon",3.51549313972355,0.155264117247841,0.117319994273693,0.188711126028364,0.8,"median","qi"
"Lyon",3.54338848530331,0.150894141321924,0.112452250050426,0.184594886129212,0.8,"median","qi"
"Lyon",3.57128383088307,0.146760462728954,0.107131627406365,0.180651010213868,0.8,"median","qi"
"Lyon",3.59917917646283,0.142810902749301,0.102342977515514,0.176902419831648,0.8,"median","qi"
"Lyon",3.62707452204259,0.139309178281392,0.0977173323513827,0.173214066762087,0.8,"median","qi"
"Lyon",3.65496986762235,0.135641621043989,0.0931412073306934,0.169763591063453,0.8,"median","qi"
"Lyon",3.68286521320211,0.132318416445462,0.0890788099528027,0.167078060336219,0.8,"median","qi"
"Lyon",3.71076055878187,0.128968007377395,0.0850871101086414,0.164723584379391,0.8,"median","qi"
"Lyon",3.73865590436163,0.125711983657889,0.0816491902398775,0.161496803018309,0.8,"median","qi"
"Lyon",3.76655124994139,0.122736799829379,0.079004724831565,0.158678745927149,0.8,"median","qi"
"Lyon",3.79444659552115,0.119169975432863,0.076359587470477,0.15594729712333,0.8,"median","qi"
"Lyon",3.82234194110091,0.116215298957239,0.074190924709916,0.153512657726042,0.8,"median","qi"
"Lyon",3.85023728668067,0.11351938346354,0.0716729291019431,0.1510970919783,0.8,"median","qi"
"Lyon",3.87813263226043,0.111182668648168,0.0695632371786793,0.149102282483997,0.8,"median","qi"
"Lyon",3.90602797784019,0.108615413457016,0.0676071552695568,0.146648555879179,0.8,"median","qi"
"Lyon",3.93392332341995,0.105874317103106,0.0650446076419146,0.145080036480277,0.8,"median","qi"
"Lyon",3.96181866899972,0.103375475364624,0.0638838119666721,0.143243880898638,0.8,"median","qi"
"Lyon",3.98971401457948,0.10104465542535,0.0620178167098038,0.141641806755005,0.8,"median","qi"
"Lyon",4.01760936015924,0.0987016973232869,0.0609390648790807,0.139578254987962,0.8,"median","qi"
"Lyon",4.045504705739,0.0964861559098968,0.059273321992018,0.137681013436501,0.8,"median","qi"
"Lyon",4.07340005131876,0.0943697167800914,0.0577715780061373,0.135383101180319,0.8,"median","qi"
"Lyon",4.10129539689852,0.0925122205326681,0.0564199258355263,0.134046995536819,0.8,"median","qi"
"Lyon",4.12919074247828,0.0906802133561529,0.0547683203266186,0.132313844130677,0.8,"median","qi"
"Lyon",4.15708608805804,0.0891414973664667,0.0535836146750531,0.130834087402888,0.8,"median","qi"
"Lyon",4.1849814336378,0.0877216920787844,0.0524862727752185,0.12927366580845,0.8,"median","qi"
"Lyon",4.21287677921756,0.0861714803190596,0.0516412739409659,0.127594836691563,0.8,"median","qi"
"Lyon",4.24077212479732,0.0847704752606059,0.0508914698298578,0.125795194079763,0.8,"median","qi"
"Lyon",4.26866747037708,0.0837445192317979,0.0501901476302906,0.124425539326924,0.8,"median","qi"
"Lyon",4.29656281595684,0.082863339368989,0.0493248895498405,0.12360927721619,0.8,"median","qi"
"Lyon",4.3244581615366,0.0822274911432569,0.0481989446856857,0.122396034608474,0.8,"median","qi"
"Lyon",4.35235350711636,0.0819141295514086,0.0479453876962399,0.122594093372155,0.8,"median","qi"
"Lyon",4.38024885269612,0.0815176366868614,0.0476798022477225,0.122895784761811,0.8,"median","qi"
"Lyon",4.40814419827588,0.0815747081369031,0.0478111076185288,0.122762044056598,0.8,"median","qi"
"Lyon",4.43603954385564,0.08169322426946,0.0477896014417921,0.123032548096123,0.8,"median","qi"
"Lyon",4.4639348894354,0.0823808376216747,0.0478981902240254,0.123918958105767,0.8,"median","qi"
"Lyon",4.49183023501516,0.0833024299105086,0.048382119923756,0.124766745977582,0.8,"median","qi"
"Lyon",4.51972558059492,0.0847095512846042,0.0497979699878968,0.126493607616784,0.8,"median","qi"
"Lyon",4.54762092617468,0.0865058537254142,0.0509323148561304,0.128559256221332,0.8,"median","qi"
"Lyon",4.57551627175444,0.0889826420606579,0.0520201868657754,0.131133358080107,0.8,"median","qi"
"Lyon",4.6034116173342,0.091211574030535,0.0539335453527724,0.133732691176257,0.8,"median","qi"
"Lyon",4.63130696291396,0.0942566665799685,0.055842312907193,0.137572918687611,0.8,"median","qi"
"Lyon",4.65920230849372,0.09744290635884,0.0582063619803132,0.141541382956657,0.8,"median","qi"
"Lyon",4.68709765407348,0.101361863101484,0.0612444830306473,0.145585063518654,0.8,"median","qi"
"Lyon",4.71499299965324,0.105836167941193,0.0650684152749921,0.150901227789937,0.8,"median","qi"
"Lyon",4.742888345233,0.111008640473363,0.0690708078014728,0.157011369647755,0.8,"median","qi"
"Lyon",4.77078369081276,0.116928190673293,0.0741180619802942,0.16329548125873,0.8,"median","qi"
"Lyon",4.79867903639252,0.123438233841773,0.079625893349993,0.17032451107375,0.8,"median","qi"
"Lyon",4.82657438197228,0.130628428453573,0.0854762044622216,0.178218321519147,0.8,"median","qi"
"Lyon",4.85446972755204,0.138753779995339,0.0926513861267331,0.186608533365855,0.8,"median","qi"
"Lyon",4.8823650731318,0.147079481981439,0.100151749410757,0.19564459440198,0.8,"median","qi"
"Lyon",4.91026041871156,0.156491849164203,0.108636866448207,0.205564711461458,0.8,"median","qi"
"Lyon",4.93815576429132,0.166369994343075,0.117490523939127,0.217043376522938,0.8,"median","qi"
"Lyon",4.96605110987108,0.176940135485901,0.127780398387164,0.228810619738749,0.8,"median","qi"
"Lyon",4.99394645545084,0.188446473990682,0.13794695266679,0.241760942218565,0.8,"median","qi"
"Lyon",5.0218418010306,0.200826533322574,0.149318794572374,0.255408593775645,0.8,"median","qi"
"Lyon",5.04973714661036,0.213562836819326,0.161447932931412,0.269114761153435,0.8,"median","qi"
"Lyon",5.07763249219012,0.227643077061867,0.174699451620322,0.283858694811737,0.8,"median","qi"
"Lyon",5.10552783776988,0.242108137607325,0.188425169973159,0.299579838792502,0.8,"median","qi"
"Lyon",5.13342318334964,0.25790294215354,0.204007820974649,0.316095138559109,0.8,"median","qi"
"Lyon",5.1613185289294,0.274116845465223,0.219598757517703,0.33359787651569,0.8,"median","qi"
"Lyon",5.18921387450916,0.291747217930938,0.235943838856991,0.351386801464641,0.8,"median","qi"
"Lyon",5.21710922008893,0.310040308658267,0.25301787609191,0.369937732788774,0.8,"median","qi"
"Lyon",5.24500456566869,0.3281640721595,0.270864609554845,0.389372668976324,0.8,"median","qi"
"Lyon",5.27289991124845,0.347735888523455,0.290220616114944,0.409958218018214,0.8,"median","qi"
"Lyon",5.3007952568282,0.368243548634667,0.309221446119732,0.431351753845701,0.8,"median","qi"
"Lyon",5.32869060240797,0.389290969470722,0.330211753013177,0.45236156062764,0.8,"median","qi"
"Lyon",5.35658594798773,0.410696175100095,0.351377258274305,0.475135989547988,0.8,"median","qi"
"Lyon",5.38448129356749,0.433221208346364,0.373386600474135,0.498570169735229,0.8,"median","qi"
"Lyon",5.41237663914725,0.456118333459457,0.395514935017845,0.522191368130877,0.8,"median","qi"
"Lyon",5.44027198472701,0.478933837136356,0.418703646560913,0.546951507971643,0.8,"median","qi"
"Lyon",5.46816733030677,0.503747128896133,0.442387472450758,0.572182110179029,0.8,"median","qi"
"Lyon",5.49606267588653,0.528132144351447,0.466242382554298,0.598667992263505,0.8,"median","qi"
"Lyon",5.52395802146629,0.553707729517501,0.491949341244331,0.625273719268484,0.8,"median","qi"
"Lyon",5.55185336704605,0.579712857399815,0.516265655103911,0.652493357031911,0.8,"median","qi"
"Lyon",5.57974871262581,0.607059827906445,0.542909087743477,0.680641775640616,0.8,"median","qi"
"Lyon",5.60764405820557,0.634768671508895,0.569508826387755,0.70909135843206,0.8,"median","qi"
"Lyon",5.63553940378533,0.663627840059097,0.597243963053164,0.738000198766256,0.8,"median","qi"
"Lyon",5.66343474936509,0.692710689292665,0.625256761772604,0.766892265277873,0.8,"median","qi"
"Lyon",5.69133009494485,0.723126078883418,0.652400967042879,0.796082954703869,0.8,"median","qi"
"Lyon",5.71922544052461,0.753750450007873,0.678428984013173,0.826317066642064,0.8,"median","qi"
"Lyon",5.74712078610437,0.784655905227388,0.704364887321165,0.856707832261248,0.8,"median","qi"
"Lyon",5.77501613168413,0.816304700437409,0.72964709060482,0.887878494201832,0.8,"median","qi"
"Lyon",5.80291147726389,0.84792467868253,0.754729726455318,0.919500011472044,0.8,"median","qi"
"Lyon",5.83080682284365,0.880412007058221,0.779036923833598,0.951159550012787,0.8,"median","qi"
"Lyon",5.85870216842341,0.912806264013366,0.801958885723043,0.982603661021845,0.8,"median","qi"
"Lyon",5.88659751400317,0.944775266353233,0.825516386768473,1.01442108653232,0.8,"median","qi"
"Lyon",5.91449285958293,0.977931934148585,0.848016714996831,1.04683131084572,0.8,"median","qi"
"Lyon",5.94238820516269,1.0110423128319,0.870695334878834,1.07940908189759,0.8,"median","qi"
"Lyon",5.97028355074245,1.04414412419869,0.893420191432141,1.11204227868289,0.8,"median","qi"
"Lyon",5.99817889632221,1.07729070701568,0.915838175037645,1.14470075877461,0.8,"median","qi"
