"Box","SSS","y","ymin","ymax",".width",".point",".interval"
"Adriatic",38.6166869155818,0.0874523084382654,0.0818498216232508,0.092777761579423,0.8,"median","qi"
"Adriatic",38.6185077176035,0.0874523084382654,0.0818498216232508,0.092777761579423,0.8,"median","qi"
"Adriatic",38.6203285196251,0.0874523084382654,0.0818498216232508,0.092777761579423,0.8,"median","qi"
"Adriatic",38.6221493216467,0.0874523084382654,0.0818498216232508,0.092777761579423,0.8,"median","qi"
"Adriatic",38.6239701236684,0.0874523084382654,0.0818498216232508,0.092777761579423,0.8,"median","qi"
"Adriatic",38.62579092569,0.0874523084382654,0.0818498216232508,0.092777761579423,0.8,"median","qi"
"Adriatic",38.6276117277116,0.0874523084382654,0.0818498216232508,0.092777761579423,0.8,"median","qi"
"Adriatic",38.6294325297333,0.0874523084382654,0.0818498216232508,0.092777761579423,0.8,"median","qi"
"Adriatic",38.6312533317549,0.0874523084382654,0.0818498216232508,0.092777761579423,0.8,"median","qi"
"Adriatic",38.6330741337766,0.0874523084382654,0.0818498216232508,0.092777761579423,0.8,"median","qi"
"Adriatic",38.6348949357982,0.0874523084382654,0.0818498216232508,0.092777761579423,0.8,"median","qi"
"Adriatic",38.6367157378198,0.0874523084382654,0.0818498216232508,0.092777761579423,0.8,"median","qi"
"Adriatic",38.6385365398415,0.0874523084382654,0.0818498216232508,0.092777761579423,0.8,"median","qi"
"Adriatic",38.6403573418631,0.0874523084382654,0.0818498216232508,0.092777761579423,0.8,"median","qi"
"Adriatic",38.6421781438847,0.0874523084382654,0.0818498216232508,0.092777761579423,0.8,"median","qi"
"Adriatic",38.6439989459064,0.0874523084382654,0.0818498216232508,0.092777761579423,0.8,"median","qi"
"Adriatic",38.645819747928,0.0874523084382654,0.0818498216232508,0.092777761579423,0.8,"median","qi"
"Adriatic",38.6476405499496,0.0874523084382654,0.0818498216232508,0.092777761579423,0.8,"median","qi"
"Adriatic",38.6494613519713,0.0874523084382654,0.0818498216232508,0.092777761579423,0.8,"median","qi"
"Adriatic",38.6512821539929,0.0874523084382654,0.0818498216232508,0.092777761579423,0.8,"median","qi"
"Adriatic",38.6531029560145,0.0874523084382654,0.0818498216232508,0.092777761579423,0.8,"median","qi"
"Adriatic",38.6549237580362,0.0874523084382654,0.0818498216232508,0.092777761579423,0.8,"median","qi"
"Adriatic",38.6567445600578,0.0874523084382654,0.0818498216232508,0.092777761579423,0.8,"median","qi"
"Adriatic",38.6585653620795,0.0874523084382654,0.0818498216232508,0.092777761579423,0.8,"median","qi"
"Adriatic",38.6603861641011,0.0874523084382654,0.0818498216232508,0.092777761579423,0.8,"median","qi"
"Adriatic",38.6622069661227,0.0874523084382654,0.0818498216232508,0.092777761579423,0.8,"median","qi"
"Adriatic",38.6640277681444,0.0874523084382654,0.0818498216232508,0.092777761579423,0.8,"median","qi"
"Adriatic",38.665848570166,0.0874523084382654,0.0818498216232508,0.092777761579423,0.8,"median","qi"
"Adriatic",38.6676693721876,0.0874523084382654,0.0818498216232508,0.092777761579423,0.8,"median","qi"
"Adriatic",38.6694901742093,0.0874523084382654,0.0818498216232508,0.092777761579423,0.8,"median","qi"
"Adriatic",38.6713109762309,0.0874523084382654,0.0818498216232508,0.092777761579423,0.8,"median","qi"
"Adriatic",38.6731317782525,0.0874523084382654,0.0818498216232508,0.092777761579423,0.8,"median","qi"
"Adriatic",38.6749525802742,0.0874523084382654,0.0818498216232508,0.092777761579423,0.8,"median","qi"
"Adriatic",38.6767733822958,0.0874523084382654,0.0818498216232508,0.092777761579423,0.8,"median","qi"
"Adriatic",38.6785941843174,0.0874523084382654,0.0818498216232508,0.092777761579423,0.8,"median","qi"
"Adriatic",38.6804149863391,0.0874523084382654,0.0818498216232508,0.092777761579423,0.8,"median","qi"
"Adriatic",38.6822357883607,0.0874523084382654,0.0818498216232508,0.092777761579423,0.8,"median","qi"
"Adriatic",38.6840565903824,0.0874523084382654,0.0818498216232508,0.092777761579423,0.8,"median","qi"
"Adriatic",38.685877392404,0.0874523084382654,0.0818498216232508,0.092777761579423,0.8,"median","qi"
"Adriatic",38.6876981944256,0.0874523084382654,0.0818498216232508,0.092777761579423,0.8,"median","qi"
"Adriatic",38.6895189964473,0.0874523084382654,0.0818498216232508,0.092777761579423,0.8,"median","qi"
"Adriatic",38.6913397984689,0.0874523084382654,0.0818498216232508,0.092777761579423,0.8,"median","qi"
"Adriatic",38.6931606004905,0.0874523084382654,0.0818498216232508,0.092777761579423,0.8,"median","qi"
"Adriatic",38.6949814025122,0.0874523084382654,0.0818498216232508,0.092777761579423,0.8,"median","qi"
"Adriatic",38.6968022045338,0.0874523084382654,0.0818498216232508,0.092777761579423,0.8,"median","qi"
"Adriatic",38.6986230065554,0.0874523084382654,0.0818498216232508,0.092777761579423,0.8,"median","qi"
"Adriatic",38.7004438085771,0.0874523084382654,0.0818498216232508,0.092777761579423,0.8,"median","qi"
"Adriatic",38.7022646105987,0.0874523084382654,0.0818498216232508,0.092777761579423,0.8,"median","qi"
"Adriatic",38.7040854126203,0.0874523084382654,0.0818498216232508,0.092777761579423,0.8,"median","qi"
"Adriatic",38.705906214642,0.0874523084382654,0.0818498216232508,0.092777761579423,0.8,"median","qi"
"Adriatic",38.7077270166636,0.0874523084382654,0.0818498216232508,0.092777761579423,0.8,"median","qi"
"Adriatic",38.7095478186853,0.0874523084382654,0.0818498216232508,0.092777761579423,0.8,"median","qi"
"Adriatic",38.7113686207069,0.0874523084382654,0.0818498216232508,0.092777761579423,0.8,"median","qi"
"Adriatic",38.7131894227285,0.0874523084382654,0.0818498216232508,0.092777761579423,0.8,"median","qi"
"Adriatic",38.7150102247502,0.0874523084382654,0.0818498216232508,0.092777761579423,0.8,"median","qi"
"Adriatic",38.7168310267718,0.0874523084382654,0.0818498216232508,0.092777761579423,0.8,"median","qi"
"Adriatic",38.7186518287934,0.0874523084382654,0.0818498216232508,0.092777761579423,0.8,"median","qi"
"Adriatic",38.7204726308151,0.0874523084382654,0.0818498216232508,0.092777761579423,0.8,"median","qi"
"Adriatic",38.7222934328367,0.0874523084382654,0.0818498216232508,0.092777761579423,0.8,"median","qi"
"Adriatic",38.7241142348583,0.0874523084382654,0.0818498216232508,0.092777761579423,0.8,"median","qi"
"Adriatic",38.72593503688,0.0874523084382654,0.0818498216232508,0.092777761579423,0.8,"median","qi"
"Adriatic",38.7277558389016,0.0874523084382654,0.0818498216232508,0.092777761579423,0.8,"median","qi"
"Adriatic",38.7295766409232,0.0874523084382654,0.0818498216232508,0.092777761579423,0.8,"median","qi"
"Adriatic",38.7313974429449,0.0874523084382654,0.0818498216232508,0.092777761579423,0.8,"median","qi"
"Adriatic",38.7332182449665,0.0874523084382654,0.0818498216232508,0.092777761579423,0.8,"median","qi"
"Adriatic",38.7350390469882,0.0874523084382654,0.0818498216232508,0.092777761579423,0.8,"median","qi"
"Adriatic",38.7368598490098,0.0874523084382654,0.0818498216232508,0.092777761579423,0.8,"median","qi"
"Adriatic",38.7386806510314,0.0874523084382654,0.0818498216232508,0.092777761579423,0.8,"median","qi"
"Adriatic",38.7405014530531,0.0874523084382654,0.0818498216232508,0.092777761579423,0.8,"median","qi"
"Adriatic",38.7423222550747,0.0874523084382654,0.0818498216232508,0.092777761579423,0.8,"median","qi"
"Adriatic",38.7441430570963,0.0874523084382654,0.0818498216232508,0.092777761579423,0.8,"median","qi"
"Adriatic",38.745963859118,0.0874523084382654,0.0818498216232508,0.092777761579423,0.8,"median","qi"
"Adriatic",38.7477846611396,0.0874523084382654,0.0818498216232508,0.092777761579423,0.8,"median","qi"
"Adriatic",38.7496054631612,0.0874523084382654,0.0818498216232508,0.092777761579423,0.8,"median","qi"
"Adriatic",38.7514262651829,0.0874523084382654,0.0818498216232508,0.092777761579423,0.8,"median","qi"
"Adriatic",38.7532470672045,0.0874523084382654,0.0818498216232508,0.092777761579423,0.8,"median","qi"
"Adriatic",38.7550678692261,0.0874523084382654,0.0818498216232508,0.092777761579423,0.8,"median","qi"
"Adriatic",38.7568886712478,0.0874523084382654,0.0818498216232508,0.092777761579423,0.8,"median","qi"
"Adriatic",38.7587094732694,0.0874523084382654,0.0818498216232508,0.092777761579423,0.8,"median","qi"
"Adriatic",38.7605302752911,0.0874523084382654,0.0818498216232508,0.092777761579423,0.8,"median","qi"
"Adriatic",38.7623510773127,0.0874523084382654,0.0818498216232508,0.092777761579423,0.8,"median","qi"
"Adriatic",38.7641718793343,0.0874523084382654,0.0818498216232508,0.092777761579423,0.8,"median","qi"
"Adriatic",38.765992681356,0.0874523084382654,0.0818498216232508,0.092777761579423,0.8,"median","qi"
"Adriatic",38.7678134833776,0.0874523084382654,0.0818498216232508,0.092777761579423,0.8,"median","qi"
"Adriatic",38.7696342853992,0.0874523084382654,0.0818498216232508,0.092777761579423,0.8,"median","qi"
"Adriatic",38.7714550874209,0.0874523084382654,0.0818498216232508,0.092777761579423,0.8,"median","qi"
"Adriatic",38.7732758894425,0.0874523084382654,0.0818498216232508,0.092777761579423,0.8,"median","qi"
"Adriatic",38.7750966914641,0.0874523084382654,0.0818498216232508,0.092777761579423,0.8,"median","qi"
"Adriatic",38.7769174934858,0.0874523084382654,0.0818498216232508,0.092777761579423,0.8,"median","qi"
"Adriatic",38.7787382955074,0.0874523084382654,0.0818498216232508,0.092777761579423,0.8,"median","qi"
"Adriatic",38.780559097529,0.0874523084382654,0.0818498216232508,0.092777761579423,0.8,"median","qi"
"Adriatic",38.7823798995507,0.0874523084382654,0.0818498216232508,0.092777761579423,0.8,"median","qi"
"Adriatic",38.7842007015723,0.0874523084382654,0.0818498216232508,0.092777761579423,0.8,"median","qi"
"Adriatic",38.786021503594,0.0874523084382654,0.0818498216232508,0.092777761579423,0.8,"median","qi"
"Adriatic",38.7878423056156,0.0874523084382654,0.0818498216232508,0.092777761579423,0.8,"median","qi"
"Adriatic",38.7896631076372,0.0874523084382654,0.0818498216232508,0.092777761579423,0.8,"median","qi"
"Adriatic",38.7914839096589,0.0874523084382654,0.0818498216232508,0.092777761579423,0.8,"median","qi"
"Adriatic",38.7933047116805,0.0874523084382654,0.0818498216232508,0.092777761579423,0.8,"median","qi"
"Adriatic",38.7951255137021,0.0874523084382654,0.0818498216232508,0.092777761579423,0.8,"median","qi"
"Adriatic",38.7969463157238,0.0874523084382654,0.0818498216232508,0.092777761579423,0.8,"median","qi"
"Adriatic",38.7987671177454,0.0874523084382654,0.0818498216232508,0.092777761579423,0.8,"median","qi"
"Adriatic",38.800587919767,0.0874523084382654,0.0818498216232508,0.092777761579423,0.8,"median","qi"
"Adriatic",38.8024087217887,0.0874523084382654,0.0818498216232508,0.092777761579423,0.8,"median","qi"
"Adriatic",38.8042295238103,0.0874523084382654,0.0818498216232508,0.092777761579423,0.8,"median","qi"
"Adriatic",38.8060503258319,0.0874523084382654,0.0818498216232508,0.092777761579423,0.8,"median","qi"
"Adriatic",38.8078711278536,0.0874523084382654,0.0818498216232508,0.092777761579423,0.8,"median","qi"
"Adriatic",38.8096919298752,0.0874523084382654,0.0818498216232508,0.092777761579423,0.8,"median","qi"
"Adriatic",38.8115127318969,0.0874523084382654,0.0818498216232508,0.092777761579423,0.8,"median","qi"
"Adriatic",38.8133335339185,0.0874523084382654,0.0818498216232508,0.092777761579423,0.8,"median","qi"
"Adriatic",38.8151543359401,0.0874523084382654,0.0818498216232508,0.092777761579423,0.8,"median","qi"
"Adriatic",38.8169751379618,0.0874523084382654,0.0818498216232508,0.092777761579423,0.8,"median","qi"
"Adriatic",38.8187959399834,0.0874523084382654,0.0818498216232508,0.092777761579423,0.8,"median","qi"
"Adriatic",38.820616742005,0.0874523084382654,0.0818498216232508,0.092777761579423,0.8,"median","qi"
"Adriatic",38.8224375440267,0.0874523084382654,0.0818498216232508,0.092777761579423,0.8,"median","qi"
"Adriatic",38.8242583460483,0.0874523084382654,0.0818498216232508,0.092777761579423,0.8,"median","qi"
"Adriatic",38.8260791480699,0.0874523084382654,0.0818498216232508,0.092777761579423,0.8,"median","qi"
"Adriatic",38.8278999500916,0.0874523084382654,0.0818498216232508,0.092777761579423,0.8,"median","qi"
"Adriatic",38.8297207521132,0.0874523084382654,0.0818498216232508,0.092777761579423,0.8,"median","qi"
"Adriatic",38.8315415541348,0.0874523084382654,0.0818498216232508,0.092777761579423,0.8,"median","qi"
"Adriatic",38.8333623561565,0.0874523084382654,0.0818498216232508,0.092777761579423,0.8,"median","qi"
"Adriatic",38.8351831581781,0.0874523084382654,0.0818498216232508,0.092777761579423,0.8,"median","qi"
"Adriatic",38.8370039601998,0.0874523084382654,0.0818498216232508,0.092777761579423,0.8,"median","qi"
"Adriatic",38.8388247622214,0.0874523084382654,0.0818498216232508,0.092777761579423,0.8,"median","qi"
"Adriatic",38.840645564243,0.0874523084382654,0.0818498216232508,0.092777761579423,0.8,"median","qi"
"Adriatic",38.8424663662647,0.0874523084382654,0.0818498216232508,0.092777761579423,0.8,"median","qi"
"Adriatic",38.8442871682863,0.0874523084382654,0.0818498216232508,0.092777761579423,0.8,"median","qi"
"Adriatic",38.8461079703079,0.0874523084382654,0.0818498216232508,0.092777761579423,0.8,"median","qi"
"Adriatic",38.8479287723296,0.0874523084382654,0.0818498216232508,0.092777761579423,0.8,"median","qi"
"Adriatic",38.8497495743512,0.0874523084382654,0.0818498216232508,0.092777761579423,0.8,"median","qi"
"Adriatic",38.8515703763728,0.0874523084382654,0.0818498216232508,0.092777761579423,0.8,"median","qi"
"Adriatic",38.8533911783945,0.0874523084382654,0.0818498216232508,0.092777761579423,0.8,"median","qi"
"Adriatic",38.8552119804161,0.0874523084382654,0.0818498216232508,0.092777761579423,0.8,"median","qi"
"Adriatic",38.8570327824377,0.0874523084382654,0.0818498216232508,0.092777761579423,0.8,"median","qi"
"Adriatic",38.8588535844594,0.0874523084382654,0.0818498216232508,0.092777761579423,0.8,"median","qi"
"Adriatic",38.860674386481,0.0874523084382654,0.0818498216232508,0.092777761579423,0.8,"median","qi"
"Adriatic",38.8624951885027,0.0874523084382654,0.0818498216232508,0.092777761579423,0.8,"median","qi"
"Adriatic",38.8643159905243,0.0874523084382654,0.0818498216232508,0.092777761579423,0.8,"median","qi"
"Adriatic",38.8661367925459,0.0874523084382654,0.0818498216232508,0.092777761579423,0.8,"median","qi"
"Adriatic",38.8679575945676,0.0874523084382654,0.0818498216232508,0.092777761579423,0.8,"median","qi"
"Adriatic",38.8697783965892,0.0874523084382654,0.0818498216232508,0.092777761579423,0.8,"median","qi"
"Adriatic",38.8715991986108,0.0874523084382654,0.0818498216232508,0.092777761579423,0.8,"median","qi"
"Adriatic",38.8734200006325,0.0874523084382654,0.0818498216232508,0.092777761579423,0.8,"median","qi"
"Adriatic",38.8752408026541,0.0874523084382654,0.0818498216232508,0.092777761579423,0.8,"median","qi"
"Adriatic",38.8770616046757,0.0874523084382654,0.0818498216232508,0.092777761579423,0.8,"median","qi"
"Adriatic",38.8788824066974,0.0874523084382654,0.0818498216232508,0.092777761579423,0.8,"median","qi"
"Adriatic",38.880703208719,0.0874523084382654,0.0818498216232508,0.092777761579423,0.8,"median","qi"
"Adriatic",38.8825240107406,0.0874523084382654,0.0818498216232508,0.092777761579423,0.8,"median","qi"
"Adriatic",38.8843448127623,0.0874523084382654,0.0818498216232508,0.092777761579423,0.8,"median","qi"
"Adriatic",38.8861656147839,0.0874523084382654,0.0818498216232508,0.092777761579423,0.8,"median","qi"
"Adriatic",38.8879864168056,0.0874523084382654,0.0818498216232508,0.092777761579423,0.8,"median","qi"
"Adriatic",38.8898072188272,0.0874523084382654,0.0818498216232508,0.092777761579423,0.8,"median","qi"
"Adriatic",38.8916280208488,0.0874523084382654,0.0818498216232508,0.092777761579423,0.8,"median","qi"
"Adriatic",38.8934488228705,0.0874523084382654,0.0818498216232508,0.092777761579423,0.8,"median","qi"
"Adriatic",38.8952696248921,0.0874523084382654,0.0818498216232508,0.092777761579423,0.8,"median","qi"
"Adriatic",38.8970904269137,0.0874523084382654,0.0818498216232508,0.092777761579423,0.8,"median","qi"
"Adriatic",38.8989112289354,0.0874523084382654,0.0818498216232508,0.092777761579423,0.8,"median","qi"
"Adriatic",38.900732030957,0.0874523084382654,0.0818498216232508,0.092777761579423,0.8,"median","qi"
"Adriatic",38.9025528329786,0.0874523084382654,0.0818498216232508,0.092777761579423,0.8,"median","qi"
"Adriatic",38.9043736350003,0.0874523084382654,0.0818498216232508,0.092777761579423,0.8,"median","qi"
"Adriatic",38.9061944370219,0.0874523084382654,0.0818498216232508,0.092777761579423,0.8,"median","qi"
"Adriatic",38.9080152390436,0.0874523084382654,0.0818498216232508,0.092777761579423,0.8,"median","qi"
"Adriatic",38.9098360410652,0.0874523084382654,0.0818498216232508,0.092777761579423,0.8,"median","qi"
"Adriatic",38.9116568430868,0.0874523084382654,0.0818498216232508,0.092777761579423,0.8,"median","qi"
"Adriatic",38.9134776451085,0.0874523084382654,0.0818498216232508,0.092777761579423,0.8,"median","qi"
"Adriatic",38.9152984471301,0.0874523084382654,0.0818498216232508,0.092777761579423,0.8,"median","qi"
"Adriatic",38.9171192491517,0.0874523084382654,0.0818498216232508,0.092777761579423,0.8,"median","qi"
"Adriatic",38.9189400511734,0.0874523084382654,0.0818498216232508,0.092777761579423,0.8,"median","qi"
"Adriatic",38.920760853195,0.0874523084382654,0.0818498216232508,0.092777761579423,0.8,"median","qi"
"Adriatic",38.9225816552166,0.0874523084382654,0.0818498216232508,0.092777761579423,0.8,"median","qi"
"Adriatic",38.9244024572383,0.0874523084382654,0.0818498216232508,0.092777761579423,0.8,"median","qi"
"Adriatic",38.9262232592599,0.0874523084382654,0.0818498216232508,0.092777761579423,0.8,"median","qi"
"Adriatic",38.9280440612815,0.0874523084382654,0.0818498216232508,0.092777761579423,0.8,"median","qi"
"Adriatic",38.9298648633032,0.0874523084382654,0.0818498216232508,0.092777761579423,0.8,"median","qi"
"Adriatic",38.9316856653248,0.0874523084382654,0.0818498216232508,0.092777761579423,0.8,"median","qi"
"Adriatic",38.9335064673464,0.0874523084382654,0.0818498216232508,0.092777761579423,0.8,"median","qi"
"Adriatic",38.9353272693681,0.0874523084382654,0.0818498216232508,0.092777761579423,0.8,"median","qi"
"Adriatic",38.9371480713897,0.0874523084382654,0.0818498216232508,0.092777761579423,0.8,"median","qi"
"Adriatic",38.9389688734114,0.0874523084382654,0.0818498216232508,0.092777761579423,0.8,"median","qi"
"Adriatic",38.940789675433,0.0874523084382654,0.0818498216232508,0.092777761579423,0.8,"median","qi"
"Adriatic",38.9426104774546,0.0874523084382654,0.0818498216232508,0.092777761579423,0.8,"median","qi"
"Adriatic",38.9444312794763,0.0874523084382654,0.0818498216232508,0.092777761579423,0.8,"median","qi"
"Adriatic",38.9462520814979,0.0874523084382654,0.0818498216232508,0.092777761579423,0.8,"median","qi"
"Adriatic",38.9480728835195,0.0874523084382654,0.0818498216232508,0.092777761579423,0.8,"median","qi"
"Adriatic",38.9498936855412,0.0874523084382654,0.0818498216232508,0.092777761579423,0.8,"median","qi"
"Adriatic",38.9517144875628,0.0874523084382654,0.0818498216232508,0.092777761579423,0.8,"median","qi"
"Adriatic",38.9535352895844,0.0874523084382654,0.0818498216232508,0.092777761579423,0.8,"median","qi"
"Adriatic",38.9553560916061,0.0874523084382654,0.0818498216232508,0.092777761579423,0.8,"median","qi"
"Adriatic",38.9571768936277,0.0874523084382654,0.0818498216232508,0.092777761579423,0.8,"median","qi"
"Adriatic",38.9589976956494,0.0874523084382654,0.0818498216232508,0.092777761579423,0.8,"median","qi"
"Adriatic",38.960818497671,0.0874523084382654,0.0818498216232508,0.092777761579423,0.8,"median","qi"
"Adriatic",38.9626392996926,0.0874523084382654,0.0818498216232508,0.092777761579423,0.8,"median","qi"
"Adriatic",38.9644601017143,0.0874523084382654,0.0818498216232508,0.092777761579423,0.8,"median","qi"
"Adriatic",38.9662809037359,0.0874523084382654,0.0818498216232508,0.092777761579423,0.8,"median","qi"
"Adriatic",38.9681017057575,0.0874523084382654,0.0818498216232508,0.092777761579423,0.8,"median","qi"
"Adriatic",38.9699225077792,0.0874523084382654,0.0818498216232508,0.092777761579423,0.8,"median","qi"
"Adriatic",38.9717433098008,0.0874523084382654,0.0818498216232508,0.092777761579423,0.8,"median","qi"
"Adriatic",38.9735641118224,0.0874523084382654,0.0818498216232508,0.092777761579423,0.8,"median","qi"
"Adriatic",38.9753849138441,0.0874523084382654,0.0818498216232508,0.092777761579423,0.8,"median","qi"
"Adriatic",38.9772057158657,0.0874523084382654,0.0818498216232508,0.092777761579423,0.8,"median","qi"
"Adriatic",38.9790265178873,0.0874523084382654,0.0818498216232508,0.092777761579423,0.8,"median","qi"
"Cyprus",38.8769760868164,0.033820401049371,0.0319691671364893,0.0357228323493308,0.8,"median","qi"
"Cyprus",38.8779696850169,0.033820401049371,0.0319691671364893,0.0357228323493308,0.8,"median","qi"
"Cyprus",38.8789632832175,0.033820401049371,0.0319691671364893,0.0357228323493308,0.8,"median","qi"
"Cyprus",38.879956881418,0.033820401049371,0.0319691671364893,0.0357228323493308,0.8,"median","qi"
"Cyprus",38.8809504796185,0.033820401049371,0.0319691671364893,0.0357228323493308,0.8,"median","qi"
"Cyprus",38.8819440778191,0.033820401049371,0.0319691671364893,0.0357228323493308,0.8,"median","qi"
"Cyprus",38.8829376760196,0.033820401049371,0.0319691671364893,0.0357228323493308,0.8,"median","qi"
"Cyprus",38.8839312742202,0.033820401049371,0.0319691671364893,0.0357228323493308,0.8,"median","qi"
"Cyprus",38.8849248724207,0.033820401049371,0.0319691671364893,0.0357228323493308,0.8,"median","qi"
"Cyprus",38.8859184706213,0.033820401049371,0.0319691671364893,0.0357228323493308,0.8,"median","qi"
"Cyprus",38.8869120688218,0.033820401049371,0.0319691671364893,0.0357228323493308,0.8,"median","qi"
"Cyprus",38.8879056670224,0.033820401049371,0.0319691671364893,0.0357228323493308,0.8,"median","qi"
"Cyprus",38.8888992652229,0.033820401049371,0.0319691671364893,0.0357228323493308,0.8,"median","qi"
"Cyprus",38.8898928634234,0.033820401049371,0.0319691671364893,0.0357228323493308,0.8,"median","qi"
"Cyprus",38.890886461624,0.033820401049371,0.0319691671364893,0.0357228323493308,0.8,"median","qi"
"Cyprus",38.8918800598245,0.033820401049371,0.0319691671364893,0.0357228323493308,0.8,"median","qi"
"Cyprus",38.8928736580251,0.033820401049371,0.0319691671364893,0.0357228323493308,0.8,"median","qi"
"Cyprus",38.8938672562256,0.033820401049371,0.0319691671364893,0.0357228323493308,0.8,"median","qi"
"Cyprus",38.8948608544262,0.033820401049371,0.0319691671364893,0.0357228323493308,0.8,"median","qi"
"Cyprus",38.8958544526267,0.033820401049371,0.0319691671364893,0.0357228323493308,0.8,"median","qi"
"Cyprus",38.8968480508272,0.033820401049371,0.0319691671364893,0.0357228323493308,0.8,"median","qi"
"Cyprus",38.8978416490278,0.033820401049371,0.0319691671364893,0.0357228323493308,0.8,"median","qi"
"Cyprus",38.8988352472283,0.033820401049371,0.0319691671364893,0.0357228323493308,0.8,"median","qi"
"Cyprus",38.8998288454289,0.033820401049371,0.0319691671364893,0.0357228323493308,0.8,"median","qi"
"Cyprus",38.9008224436294,0.033820401049371,0.0319691671364893,0.0357228323493308,0.8,"median","qi"
"Cyprus",38.90181604183,0.033820401049371,0.0319691671364893,0.0357228323493308,0.8,"median","qi"
"Cyprus",38.9028096400305,0.033820401049371,0.0319691671364893,0.0357228323493308,0.8,"median","qi"
"Cyprus",38.903803238231,0.033820401049371,0.0319691671364893,0.0357228323493308,0.8,"median","qi"
"Cyprus",38.9047968364316,0.033820401049371,0.0319691671364893,0.0357228323493308,0.8,"median","qi"
"Cyprus",38.9057904346321,0.033820401049371,0.0319691671364893,0.0357228323493308,0.8,"median","qi"
"Cyprus",38.9067840328327,0.033820401049371,0.0319691671364893,0.0357228323493308,0.8,"median","qi"
"Cyprus",38.9077776310332,0.033820401049371,0.0319691671364893,0.0357228323493308,0.8,"median","qi"
"Cyprus",38.9087712292338,0.033820401049371,0.0319691671364893,0.0357228323493308,0.8,"median","qi"
"Cyprus",38.9097648274343,0.033820401049371,0.0319691671364893,0.0357228323493308,0.8,"median","qi"
"Cyprus",38.9107584256349,0.033820401049371,0.0319691671364893,0.0357228323493308,0.8,"median","qi"
"Cyprus",38.9117520238354,0.033820401049371,0.0319691671364893,0.0357228323493308,0.8,"median","qi"
"Cyprus",38.9127456220359,0.033820401049371,0.0319691671364893,0.0357228323493308,0.8,"median","qi"
"Cyprus",38.9137392202365,0.033820401049371,0.0319691671364893,0.0357228323493308,0.8,"median","qi"
"Cyprus",38.914732818437,0.033820401049371,0.0319691671364893,0.0357228323493308,0.8,"median","qi"
"Cyprus",38.9157264166376,0.033820401049371,0.0319691671364893,0.0357228323493308,0.8,"median","qi"
"Cyprus",38.9167200148381,0.033820401049371,0.0319691671364893,0.0357228323493308,0.8,"median","qi"
"Cyprus",38.9177136130387,0.033820401049371,0.0319691671364893,0.0357228323493308,0.8,"median","qi"
"Cyprus",38.9187072112392,0.033820401049371,0.0319691671364893,0.0357228323493308,0.8,"median","qi"
"Cyprus",38.9197008094397,0.033820401049371,0.0319691671364893,0.0357228323493308,0.8,"median","qi"
"Cyprus",38.9206944076403,0.033820401049371,0.0319691671364893,0.0357228323493308,0.8,"median","qi"
"Cyprus",38.9216880058408,0.033820401049371,0.0319691671364893,0.0357228323493308,0.8,"median","qi"
"Cyprus",38.9226816040414,0.033820401049371,0.0319691671364893,0.0357228323493308,0.8,"median","qi"
"Cyprus",38.9236752022419,0.033820401049371,0.0319691671364893,0.0357228323493308,0.8,"median","qi"
"Cyprus",38.9246688004425,0.033820401049371,0.0319691671364893,0.0357228323493308,0.8,"median","qi"
"Cyprus",38.925662398643,0.033820401049371,0.0319691671364893,0.0357228323493308,0.8,"median","qi"
"Cyprus",38.9266559968435,0.033820401049371,0.0319691671364893,0.0357228323493308,0.8,"median","qi"
"Cyprus",38.9276495950441,0.033820401049371,0.0319691671364893,0.0357228323493308,0.8,"median","qi"
"Cyprus",38.9286431932446,0.033820401049371,0.0319691671364893,0.0357228323493308,0.8,"median","qi"
"Cyprus",38.9296367914452,0.033820401049371,0.0319691671364893,0.0357228323493308,0.8,"median","qi"
"Cyprus",38.9306303896457,0.033820401049371,0.0319691671364893,0.0357228323493308,0.8,"median","qi"
"Cyprus",38.9316239878463,0.033820401049371,0.0319691671364893,0.0357228323493308,0.8,"median","qi"
"Cyprus",38.9326175860468,0.033820401049371,0.0319691671364893,0.0357228323493308,0.8,"median","qi"
"Cyprus",38.9336111842473,0.033820401049371,0.0319691671364893,0.0357228323493308,0.8,"median","qi"
"Cyprus",38.9346047824479,0.033820401049371,0.0319691671364893,0.0357228323493308,0.8,"median","qi"
"Cyprus",38.9355983806484,0.033820401049371,0.0319691671364893,0.0357228323493308,0.8,"median","qi"
"Cyprus",38.936591978849,0.033820401049371,0.0319691671364893,0.0357228323493308,0.8,"median","qi"
"Cyprus",38.9375855770495,0.033820401049371,0.0319691671364893,0.0357228323493308,0.8,"median","qi"
"Cyprus",38.9385791752501,0.033820401049371,0.0319691671364893,0.0357228323493308,0.8,"median","qi"
"Cyprus",38.9395727734506,0.033820401049371,0.0319691671364893,0.0357228323493308,0.8,"median","qi"
"Cyprus",38.9405663716512,0.033820401049371,0.0319691671364893,0.0357228323493308,0.8,"median","qi"
"Cyprus",38.9415599698517,0.033820401049371,0.0319691671364893,0.0357228323493308,0.8,"median","qi"
"Cyprus",38.9425535680522,0.033820401049371,0.0319691671364893,0.0357228323493308,0.8,"median","qi"
"Cyprus",38.9435471662528,0.033820401049371,0.0319691671364893,0.0357228323493308,0.8,"median","qi"
"Cyprus",38.9445407644533,0.033820401049371,0.0319691671364893,0.0357228323493308,0.8,"median","qi"
"Cyprus",38.9455343626539,0.033820401049371,0.0319691671364893,0.0357228323493308,0.8,"median","qi"
"Cyprus",38.9465279608544,0.033820401049371,0.0319691671364893,0.0357228323493308,0.8,"median","qi"
"Cyprus",38.947521559055,0.033820401049371,0.0319691671364893,0.0357228323493308,0.8,"median","qi"
"Cyprus",38.9485151572555,0.033820401049371,0.0319691671364893,0.0357228323493308,0.8,"median","qi"
"Cyprus",38.949508755456,0.033820401049371,0.0319691671364893,0.0357228323493308,0.8,"median","qi"
"Cyprus",38.9505023536566,0.033820401049371,0.0319691671364893,0.0357228323493308,0.8,"median","qi"
"Cyprus",38.9514959518571,0.033820401049371,0.0319691671364893,0.0357228323493308,0.8,"median","qi"
"Cyprus",38.9524895500577,0.033820401049371,0.0319691671364893,0.0357228323493308,0.8,"median","qi"
"Cyprus",38.9534831482582,0.033820401049371,0.0319691671364893,0.0357228323493308,0.8,"median","qi"
"Cyprus",38.9544767464588,0.033820401049371,0.0319691671364893,0.0357228323493308,0.8,"median","qi"
"Cyprus",38.9554703446593,0.033820401049371,0.0319691671364893,0.0357228323493308,0.8,"median","qi"
"Cyprus",38.9564639428598,0.033820401049371,0.0319691671364893,0.0357228323493308,0.8,"median","qi"
"Cyprus",38.9574575410604,0.033820401049371,0.0319691671364893,0.0357228323493308,0.8,"median","qi"
"Cyprus",38.9584511392609,0.033820401049371,0.0319691671364893,0.0357228323493308,0.8,"median","qi"
"Cyprus",38.9594447374615,0.033820401049371,0.0319691671364893,0.0357228323493308,0.8,"median","qi"
"Cyprus",38.960438335662,0.033820401049371,0.0319691671364893,0.0357228323493308,0.8,"median","qi"
"Cyprus",38.9614319338626,0.033820401049371,0.0319691671364893,0.0357228323493308,0.8,"median","qi"
"Cyprus",38.9624255320631,0.033820401049371,0.0319691671364893,0.0357228323493308,0.8,"median","qi"
"Cyprus",38.9634191302636,0.033820401049371,0.0319691671364893,0.0357228323493308,0.8,"median","qi"
"Cyprus",38.9644127284642,0.033820401049371,0.0319691671364893,0.0357228323493308,0.8,"median","qi"
"Cyprus",38.9654063266647,0.033820401049371,0.0319691671364893,0.0357228323493308,0.8,"median","qi"
"Cyprus",38.9663999248653,0.033820401049371,0.0319691671364893,0.0357228323493308,0.8,"median","qi"
"Cyprus",38.9673935230658,0.033820401049371,0.0319691671364893,0.0357228323493308,0.8,"median","qi"
"Cyprus",38.9683871212664,0.033820401049371,0.0319691671364893,0.0357228323493308,0.8,"median","qi"
"Cyprus",38.9693807194669,0.033820401049371,0.0319691671364893,0.0357228323493308,0.8,"median","qi"
"Cyprus",38.9703743176674,0.033820401049371,0.0319691671364893,0.0357228323493308,0.8,"median","qi"
"Cyprus",38.971367915868,0.033820401049371,0.0319691671364893,0.0357228323493308,0.8,"median","qi"
"Cyprus",38.9723615140685,0.033820401049371,0.0319691671364893,0.0357228323493308,0.8,"median","qi"
"Cyprus",38.9733551122691,0.033820401049371,0.0319691671364893,0.0357228323493308,0.8,"median","qi"
"Cyprus",38.9743487104696,0.033820401049371,0.0319691671364893,0.0357228323493308,0.8,"median","qi"
"Cyprus",38.9753423086702,0.033820401049371,0.0319691671364893,0.0357228323493308,0.8,"median","qi"
"Cyprus",38.9763359068707,0.033820401049371,0.0319691671364893,0.0357228323493308,0.8,"median","qi"
"Cyprus",38.9773295050713,0.033820401049371,0.0319691671364893,0.0357228323493308,0.8,"median","qi"
"Cyprus",38.9783231032718,0.033820401049371,0.0319691671364893,0.0357228323493308,0.8,"median","qi"
"Cyprus",38.9793167014723,0.033820401049371,0.0319691671364893,0.0357228323493308,0.8,"median","qi"
"Cyprus",38.9803102996729,0.033820401049371,0.0319691671364893,0.0357228323493308,0.8,"median","qi"
"Cyprus",38.9813038978734,0.033820401049371,0.0319691671364893,0.0357228323493308,0.8,"median","qi"
"Cyprus",38.982297496074,0.033820401049371,0.0319691671364893,0.0357228323493308,0.8,"median","qi"
"Cyprus",38.9832910942745,0.033820401049371,0.0319691671364893,0.0357228323493308,0.8,"median","qi"
"Cyprus",38.9842846924751,0.033820401049371,0.0319691671364893,0.0357228323493308,0.8,"median","qi"
"Cyprus",38.9852782906756,0.033820401049371,0.0319691671364893,0.0357228323493308,0.8,"median","qi"
"Cyprus",38.9862718888761,0.033820401049371,0.0319691671364893,0.0357228323493308,0.8,"median","qi"
"Cyprus",38.9872654870767,0.033820401049371,0.0319691671364893,0.0357228323493308,0.8,"median","qi"
"Cyprus",38.9882590852772,0.033820401049371,0.0319691671364893,0.0357228323493308,0.8,"median","qi"
"Cyprus",38.9892526834778,0.033820401049371,0.0319691671364893,0.0357228323493308,0.8,"median","qi"
"Cyprus",38.9902462816783,0.033820401049371,0.0319691671364893,0.0357228323493308,0.8,"median","qi"
"Cyprus",38.9912398798789,0.033820401049371,0.0319691671364893,0.0357228323493308,0.8,"median","qi"
"Cyprus",38.9922334780794,0.033820401049371,0.0319691671364893,0.0357228323493308,0.8,"median","qi"
"Cyprus",38.99322707628,0.033820401049371,0.0319691671364893,0.0357228323493308,0.8,"median","qi"
"Cyprus",38.9942206744805,0.033820401049371,0.0319691671364893,0.0357228323493308,0.8,"median","qi"
"Cyprus",38.995214272681,0.033820401049371,0.0319691671364893,0.0357228323493308,0.8,"median","qi"
"Cyprus",38.9962078708816,0.033820401049371,0.0319691671364893,0.0357228323493308,0.8,"median","qi"
"Cyprus",38.9972014690821,0.033820401049371,0.0319691671364893,0.0357228323493308,0.8,"median","qi"
"Cyprus",38.9981950672827,0.033820401049371,0.0319691671364893,0.0357228323493308,0.8,"median","qi"
"Cyprus",38.9991886654832,0.033820401049371,0.0319691671364893,0.0357228323493308,0.8,"median","qi"
"Cyprus",39.0001822636838,0.033820401049371,0.0319691671364893,0.0357228323493308,0.8,"median","qi"
"Cyprus",39.0011758618843,0.033820401049371,0.0319691671364893,0.0357228323493308,0.8,"median","qi"
"Cyprus",39.0021694600848,0.033820401049371,0.0319691671364893,0.0357228323493308,0.8,"median","qi"
"Cyprus",39.0031630582854,0.033820401049371,0.0319691671364893,0.0357228323493308,0.8,"median","qi"
"Cyprus",39.0041566564859,0.033820401049371,0.0319691671364893,0.0357228323493308,0.8,"median","qi"
"Cyprus",39.0051502546865,0.033820401049371,0.0319691671364893,0.0357228323493308,0.8,"median","qi"
"Cyprus",39.006143852887,0.033820401049371,0.0319691671364893,0.0357228323493308,0.8,"median","qi"
"Cyprus",39.0071374510876,0.033820401049371,0.0319691671364893,0.0357228323493308,0.8,"median","qi"
"Cyprus",39.0081310492881,0.033820401049371,0.0319691671364893,0.0357228323493308,0.8,"median","qi"
"Cyprus",39.0091246474886,0.033820401049371,0.0319691671364893,0.0357228323493308,0.8,"median","qi"
"Cyprus",39.0101182456892,0.033820401049371,0.0319691671364893,0.0357228323493308,0.8,"median","qi"
"Cyprus",39.0111118438897,0.033820401049371,0.0319691671364893,0.0357228323493308,0.8,"median","qi"
"Cyprus",39.0121054420903,0.033820401049371,0.0319691671364893,0.0357228323493308,0.8,"median","qi"
"Cyprus",39.0130990402908,0.033820401049371,0.0319691671364893,0.0357228323493308,0.8,"median","qi"
"Cyprus",39.0140926384914,0.033820401049371,0.0319691671364893,0.0357228323493308,0.8,"median","qi"
"Cyprus",39.0150862366919,0.033820401049371,0.0319691671364893,0.0357228323493308,0.8,"median","qi"
"Cyprus",39.0160798348924,0.033820401049371,0.0319691671364893,0.0357228323493308,0.8,"median","qi"
"Cyprus",39.017073433093,0.033820401049371,0.0319691671364893,0.0357228323493308,0.8,"median","qi"
"Cyprus",39.0180670312935,0.033820401049371,0.0319691671364893,0.0357228323493308,0.8,"median","qi"
"Cyprus",39.0190606294941,0.033820401049371,0.0319691671364893,0.0357228323493308,0.8,"median","qi"
"Cyprus",39.0200542276946,0.033820401049371,0.0319691671364893,0.0357228323493308,0.8,"median","qi"
"Cyprus",39.0210478258952,0.033820401049371,0.0319691671364893,0.0357228323493308,0.8,"median","qi"
"Cyprus",39.0220414240957,0.033820401049371,0.0319691671364893,0.0357228323493308,0.8,"median","qi"
"Cyprus",39.0230350222962,0.033820401049371,0.0319691671364893,0.0357228323493308,0.8,"median","qi"
"Cyprus",39.0240286204968,0.033820401049371,0.0319691671364893,0.0357228323493308,0.8,"median","qi"
"Cyprus",39.0250222186973,0.033820401049371,0.0319691671364893,0.0357228323493308,0.8,"median","qi"
"Cyprus",39.0260158168979,0.033820401049371,0.0319691671364893,0.0357228323493308,0.8,"median","qi"
"Cyprus",39.0270094150984,0.033820401049371,0.0319691671364893,0.0357228323493308,0.8,"median","qi"
"Cyprus",39.028003013299,0.033820401049371,0.0319691671364893,0.0357228323493308,0.8,"median","qi"
"Cyprus",39.0289966114995,0.033820401049371,0.0319691671364893,0.0357228323493308,0.8,"median","qi"
"Cyprus",39.0299902097001,0.033820401049371,0.0319691671364893,0.0357228323493308,0.8,"median","qi"
"Cyprus",39.0309838079006,0.033820401049371,0.0319691671364893,0.0357228323493308,0.8,"median","qi"
"Cyprus",39.0319774061011,0.033820401049371,0.0319691671364893,0.0357228323493308,0.8,"median","qi"
"Cyprus",39.0329710043017,0.033820401049371,0.0319691671364893,0.0357228323493308,0.8,"median","qi"
"Cyprus",39.0339646025022,0.033820401049371,0.0319691671364893,0.0357228323493308,0.8,"median","qi"
"Cyprus",39.0349582007028,0.033820401049371,0.0319691671364893,0.0357228323493308,0.8,"median","qi"
"Cyprus",39.0359517989033,0.033820401049371,0.0319691671364893,0.0357228323493308,0.8,"median","qi"
"Cyprus",39.0369453971039,0.033820401049371,0.0319691671364893,0.0357228323493308,0.8,"median","qi"
"Cyprus",39.0379389953044,0.033820401049371,0.0319691671364893,0.0357228323493308,0.8,"median","qi"
"Cyprus",39.0389325935049,0.033820401049371,0.0319691671364893,0.0357228323493308,0.8,"median","qi"
"Cyprus",39.0399261917055,0.033820401049371,0.0319691671364893,0.0357228323493308,0.8,"median","qi"
"Cyprus",39.040919789906,0.033820401049371,0.0319691671364893,0.0357228323493308,0.8,"median","qi"
"Cyprus",39.0419133881066,0.033820401049371,0.0319691671364893,0.0357228323493308,0.8,"median","qi"
"Cyprus",39.0429069863071,0.033820401049371,0.0319691671364893,0.0357228323493308,0.8,"median","qi"
"Cyprus",39.0439005845077,0.033820401049371,0.0319691671364893,0.0357228323493308,0.8,"median","qi"
"Cyprus",39.0448941827082,0.033820401049371,0.0319691671364893,0.0357228323493308,0.8,"median","qi"
"Cyprus",39.0458877809087,0.033820401049371,0.0319691671364893,0.0357228323493308,0.8,"median","qi"
"Cyprus",39.0468813791093,0.033820401049371,0.0319691671364893,0.0357228323493308,0.8,"median","qi"
"Cyprus",39.0478749773098,0.033820401049371,0.0319691671364893,0.0357228323493308,0.8,"median","qi"
"Cyprus",39.0488685755104,0.033820401049371,0.0319691671364893,0.0357228323493308,0.8,"median","qi"
"Cyprus",39.0498621737109,0.033820401049371,0.0319691671364893,0.0357228323493308,0.8,"median","qi"
"Cyprus",39.0508557719115,0.033820401049371,0.0319691671364893,0.0357228323493308,0.8,"median","qi"
"Cyprus",39.051849370112,0.033820401049371,0.0319691671364893,0.0357228323493308,0.8,"median","qi"
"Cyprus",39.0528429683125,0.033820401049371,0.0319691671364893,0.0357228323493308,0.8,"median","qi"
"Cyprus",39.0538365665131,0.033820401049371,0.0319691671364893,0.0357228323493308,0.8,"median","qi"
"Cyprus",39.0548301647136,0.033820401049371,0.0319691671364893,0.0357228323493308,0.8,"median","qi"
"Cyprus",39.0558237629142,0.033820401049371,0.0319691671364893,0.0357228323493308,0.8,"median","qi"
"Cyprus",39.0568173611147,0.033820401049371,0.0319691671364893,0.0357228323493308,0.8,"median","qi"
"Cyprus",39.0578109593153,0.033820401049371,0.0319691671364893,0.0357228323493308,0.8,"median","qi"
"Cyprus",39.0588045575158,0.033820401049371,0.0319691671364893,0.0357228323493308,0.8,"median","qi"
"Cyprus",39.0597981557164,0.033820401049371,0.0319691671364893,0.0357228323493308,0.8,"median","qi"
"Cyprus",39.0607917539169,0.033820401049371,0.0319691671364893,0.0357228323493308,0.8,"median","qi"
"Cyprus",39.0617853521174,0.033820401049371,0.0319691671364893,0.0357228323493308,0.8,"median","qi"
"Cyprus",39.062778950318,0.033820401049371,0.0319691671364893,0.0357228323493308,0.8,"median","qi"
"Cyprus",39.0637725485185,0.033820401049371,0.0319691671364893,0.0357228323493308,0.8,"median","qi"
"Cyprus",39.0647661467191,0.033820401049371,0.0319691671364893,0.0357228323493308,0.8,"median","qi"
"Cyprus",39.0657597449196,0.033820401049371,0.0319691671364893,0.0357228323493308,0.8,"median","qi"
"Cyprus",39.0667533431202,0.033820401049371,0.0319691671364893,0.0357228323493308,0.8,"median","qi"
"Cyprus",39.0677469413207,0.033820401049371,0.0319691671364893,0.0357228323493308,0.8,"median","qi"
"Cyprus",39.0687405395212,0.033820401049371,0.0319691671364893,0.0357228323493308,0.8,"median","qi"
"Cyprus",39.0697341377218,0.033820401049371,0.0319691671364893,0.0357228323493308,0.8,"median","qi"
"Cyprus",39.0707277359223,0.033820401049371,0.0319691671364893,0.0357228323493308,0.8,"median","qi"
"Cyprus",39.0717213341229,0.033820401049371,0.0319691671364893,0.0357228323493308,0.8,"median","qi"
"Cyprus",39.0727149323234,0.033820401049371,0.0319691671364893,0.0357228323493308,0.8,"median","qi"
"Cyprus",39.073708530524,0.033820401049371,0.0319691671364893,0.0357228323493308,0.8,"median","qi"
"Cyprus",39.0747021287245,0.033820401049371,0.0319691671364893,0.0357228323493308,0.8,"median","qi"
"Lyon",38.3938052391443,0.148206076146118,0.142930698839867,0.154734573481412,0.8,"median","qi"
"Lyon",38.3944000738481,0.148206076146118,0.142930698839867,0.154734573481412,0.8,"median","qi"
"Lyon",38.3949949085519,0.148206076146118,0.142930698839867,0.154734573481412,0.8,"median","qi"
"Lyon",38.3955897432558,0.148206076146118,0.142930698839867,0.154734573481412,0.8,"median","qi"
"Lyon",38.3961845779596,0.148206076146118,0.142930698839867,0.154734573481412,0.8,"median","qi"
"Lyon",38.3967794126634,0.148206076146118,0.142930698839867,0.154734573481412,0.8,"median","qi"
"Lyon",38.3973742473673,0.148206076146118,0.142930698839867,0.154734573481412,0.8,"median","qi"
"Lyon",38.3979690820711,0.148206076146118,0.142930698839867,0.154734573481412,0.8,"median","qi"
"Lyon",38.3985639167749,0.148206076146118,0.142930698839867,0.154734573481412,0.8,"median","qi"
"Lyon",38.3991587514788,0.148206076146118,0.142930698839867,0.154734573481412,0.8,"median","qi"
"Lyon",38.3997535861826,0.148206076146118,0.142930698839867,0.154734573481412,0.8,"median","qi"
"Lyon",38.4003484208864,0.148206076146118,0.142930698839867,0.154734573481412,0.8,"median","qi"
"Lyon",38.4009432555903,0.148206076146118,0.142930698839867,0.154734573481412,0.8,"median","qi"
"Lyon",38.4015380902941,0.148206076146118,0.142930698839867,0.154734573481412,0.8,"median","qi"
"Lyon",38.4021329249979,0.148206076146118,0.142930698839867,0.154734573481412,0.8,"median","qi"
"Lyon",38.4027277597018,0.148206076146118,0.142930698839867,0.154734573481412,0.8,"median","qi"
"Lyon",38.4033225944056,0.148206076146118,0.142930698839867,0.154734573481412,0.8,"median","qi"
"Lyon",38.4039174291094,0.148206076146118,0.142930698839867,0.154734573481412,0.8,"median","qi"
"Lyon",38.4045122638133,0.148206076146118,0.142930698839867,0.154734573481412,0.8,"median","qi"
"Lyon",38.4051070985171,0.148206076146118,0.142930698839867,0.154734573481412,0.8,"median","qi"
"Lyon",38.4057019332209,0.148206076146118,0.142930698839867,0.154734573481412,0.8,"median","qi"
"Lyon",38.4062967679248,0.148206076146118,0.142930698839867,0.154734573481412,0.8,"median","qi"
"Lyon",38.4068916026286,0.148206076146118,0.142930698839867,0.154734573481412,0.8,"median","qi"
"Lyon",38.4074864373325,0.148206076146118,0.142930698839867,0.154734573481412,0.8,"median","qi"
"Lyon",38.4080812720363,0.148206076146118,0.142930698839867,0.154734573481412,0.8,"median","qi"
"Lyon",38.4086761067401,0.148206076146118,0.142930698839867,0.154734573481412,0.8,"median","qi"
"Lyon",38.4092709414439,0.148206076146118,0.142930698839867,0.154734573481412,0.8,"median","qi"
"Lyon",38.4098657761478,0.148206076146118,0.142930698839867,0.154734573481412,0.8,"median","qi"
"Lyon",38.4104606108516,0.148206076146118,0.142930698839867,0.154734573481412,0.8,"median","qi"
"Lyon",38.4110554455555,0.148206076146118,0.142930698839867,0.154734573481412,0.8,"median","qi"
"Lyon",38.4116502802593,0.148206076146118,0.142930698839867,0.154734573481412,0.8,"median","qi"
"Lyon",38.4122451149631,0.148206076146118,0.142930698839867,0.154734573481412,0.8,"median","qi"
"Lyon",38.412839949667,0.148206076146118,0.142930698839867,0.154734573481412,0.8,"median","qi"
"Lyon",38.4134347843708,0.148206076146118,0.142930698839867,0.154734573481412,0.8,"median","qi"
"Lyon",38.4140296190746,0.148206076146118,0.142930698839867,0.154734573481412,0.8,"median","qi"
"Lyon",38.4146244537785,0.148206076146118,0.142930698839867,0.154734573481412,0.8,"median","qi"
"Lyon",38.4152192884823,0.148206076146118,0.142930698839867,0.154734573481412,0.8,"median","qi"
"Lyon",38.4158141231861,0.148206076146118,0.142930698839867,0.154734573481412,0.8,"median","qi"
"Lyon",38.41640895789,0.148206076146118,0.142930698839867,0.154734573481412,0.8,"median","qi"
"Lyon",38.4170037925938,0.148206076146118,0.142930698839867,0.154734573481412,0.8,"median","qi"
"Lyon",38.4175986272976,0.148206076146118,0.142930698839867,0.154734573481412,0.8,"median","qi"
"Lyon",38.4181934620015,0.148206076146118,0.142930698839867,0.154734573481412,0.8,"median","qi"
"Lyon",38.4187882967053,0.148206076146118,0.142930698839867,0.154734573481412,0.8,"median","qi"
"Lyon",38.4193831314091,0.148206076146118,0.142930698839867,0.154734573481412,0.8,"median","qi"
"Lyon",38.419977966113,0.148206076146118,0.142930698839867,0.154734573481412,0.8,"median","qi"
"Lyon",38.4205728008168,0.148206076146118,0.142930698839867,0.154734573481412,0.8,"median","qi"
"Lyon",38.4211676355206,0.148206076146118,0.142930698839867,0.154734573481412,0.8,"median","qi"
"Lyon",38.4217624702245,0.148206076146118,0.142930698839867,0.154734573481412,0.8,"median","qi"
"Lyon",38.4223573049283,0.148206076146118,0.142930698839867,0.154734573481412,0.8,"median","qi"
"Lyon",38.4229521396321,0.148206076146118,0.142930698839867,0.154734573481412,0.8,"median","qi"
"Lyon",38.423546974336,0.148206076146118,0.142930698839867,0.154734573481412,0.8,"median","qi"
"Lyon",38.4241418090398,0.148206076146118,0.142930698839867,0.154734573481412,0.8,"median","qi"
"Lyon",38.4247366437436,0.148206076146118,0.142930698839867,0.154734573481412,0.8,"median","qi"
"Lyon",38.4253314784475,0.148206076146118,0.142930698839867,0.154734573481412,0.8,"median","qi"
"Lyon",38.4259263131513,0.148206076146118,0.142930698839867,0.154734573481412,0.8,"median","qi"
"Lyon",38.4265211478551,0.148206076146118,0.142930698839867,0.154734573481412,0.8,"median","qi"
"Lyon",38.427115982559,0.148206076146118,0.142930698839867,0.154734573481412,0.8,"median","qi"
"Lyon",38.4277108172628,0.148206076146118,0.142930698839867,0.154734573481412,0.8,"median","qi"
"Lyon",38.4283056519666,0.148206076146118,0.142930698839867,0.154734573481412,0.8,"median","qi"
"Lyon",38.4289004866705,0.148206076146118,0.142930698839867,0.154734573481412,0.8,"median","qi"
"Lyon",38.4294953213743,0.148206076146118,0.142930698839867,0.154734573481412,0.8,"median","qi"
"Lyon",38.4300901560781,0.148206076146118,0.142930698839867,0.154734573481412,0.8,"median","qi"
"Lyon",38.430684990782,0.148206076146118,0.142930698839867,0.154734573481412,0.8,"median","qi"
"Lyon",38.4312798254858,0.148206076146118,0.142930698839867,0.154734573481412,0.8,"median","qi"
"Lyon",38.4318746601896,0.148206076146118,0.142930698839867,0.154734573481412,0.8,"median","qi"
"Lyon",38.4324694948935,0.148206076146118,0.142930698839867,0.154734573481412,0.8,"median","qi"
"Lyon",38.4330643295973,0.148206076146118,0.142930698839867,0.154734573481412,0.8,"median","qi"
"Lyon",38.4336591643011,0.148206076146118,0.142930698839867,0.154734573481412,0.8,"median","qi"
"Lyon",38.434253999005,0.148206076146118,0.142930698839867,0.154734573481412,0.8,"median","qi"
"Lyon",38.4348488337088,0.148206076146118,0.142930698839867,0.154734573481412,0.8,"median","qi"
"Lyon",38.4354436684126,0.148206076146118,0.142930698839867,0.154734573481412,0.8,"median","qi"
"Lyon",38.4360385031165,0.148206076146118,0.142930698839867,0.154734573481412,0.8,"median","qi"
"Lyon",38.4366333378203,0.148206076146118,0.142930698839867,0.154734573481412,0.8,"median","qi"
"Lyon",38.4372281725241,0.148206076146118,0.142930698839867,0.154734573481412,0.8,"median","qi"
"Lyon",38.437823007228,0.148206076146118,0.142930698839867,0.154734573481412,0.8,"median","qi"
"Lyon",38.4384178419318,0.148206076146118,0.142930698839867,0.154734573481412,0.8,"median","qi"
"Lyon",38.4390126766356,0.148206076146118,0.142930698839867,0.154734573481412,0.8,"median","qi"
"Lyon",38.4396075113395,0.148206076146118,0.142930698839867,0.154734573481412,0.8,"median","qi"
"Lyon",38.4402023460433,0.148206076146118,0.142930698839867,0.154734573481412,0.8,"median","qi"
"Lyon",38.4407971807471,0.148206076146118,0.142930698839867,0.154734573481412,0.8,"median","qi"
"Lyon",38.441392015451,0.148206076146118,0.142930698839867,0.154734573481412,0.8,"median","qi"
"Lyon",38.4419868501548,0.148206076146118,0.142930698839867,0.154734573481412,0.8,"median","qi"
"Lyon",38.4425816848586,0.148206076146118,0.142930698839867,0.154734573481412,0.8,"median","qi"
"Lyon",38.4431765195625,0.148206076146118,0.142930698839867,0.154734573481412,0.8,"median","qi"
"Lyon",38.4437713542663,0.148206076146118,0.142930698839867,0.154734573481412,0.8,"median","qi"
"Lyon",38.4443661889701,0.148206076146118,0.142930698839867,0.154734573481412,0.8,"median","qi"
"Lyon",38.444961023674,0.148206076146118,0.142930698839867,0.154734573481412,0.8,"median","qi"
"Lyon",38.4455558583778,0.148206076146118,0.142930698839867,0.154734573481412,0.8,"median","qi"
"Lyon",38.4461506930816,0.148206076146118,0.142930698839867,0.154734573481412,0.8,"median","qi"
"Lyon",38.4467455277855,0.148206076146118,0.142930698839867,0.154734573481412,0.8,"median","qi"
"Lyon",38.4473403624893,0.148206076146118,0.142930698839867,0.154734573481412,0.8,"median","qi"
"Lyon",38.4479351971931,0.148206076146118,0.142930698839867,0.154734573481412,0.8,"median","qi"
"Lyon",38.448530031897,0.148206076146118,0.142930698839867,0.154734573481412,0.8,"median","qi"
"Lyon",38.4491248666008,0.148206076146118,0.142930698839867,0.154734573481412,0.8,"median","qi"
"Lyon",38.4497197013047,0.148206076146118,0.142930698839867,0.154734573481412,0.8,"median","qi"
"Lyon",38.4503145360085,0.148206076146118,0.142930698839867,0.154734573481412,0.8,"median","qi"
"Lyon",38.4509093707123,0.148206076146118,0.142930698839867,0.154734573481412,0.8,"median","qi"
"Lyon",38.4515042054161,0.148206076146118,0.142930698839867,0.154734573481412,0.8,"median","qi"
"Lyon",38.45209904012,0.148206076146118,0.142930698839867,0.154734573481412,0.8,"median","qi"
"Lyon",38.4526938748238,0.148206076146118,0.142930698839867,0.154734573481412,0.8,"median","qi"
"Lyon",38.4532887095277,0.148206076146118,0.142930698839867,0.154734573481412,0.8,"median","qi"
"Lyon",38.4538835442315,0.148206076146118,0.142930698839867,0.154734573481412,0.8,"median","qi"
"Lyon",38.4544783789353,0.148206076146118,0.142930698839867,0.154734573481412,0.8,"median","qi"
"Lyon",38.4550732136392,0.148206076146118,0.142930698839867,0.154734573481412,0.8,"median","qi"
"Lyon",38.455668048343,0.148206076146118,0.142930698839867,0.154734573481412,0.8,"median","qi"
"Lyon",38.4562628830468,0.148206076146118,0.142930698839867,0.154734573481412,0.8,"median","qi"
"Lyon",38.4568577177507,0.148206076146118,0.142930698839867,0.154734573481412,0.8,"median","qi"
"Lyon",38.4574525524545,0.148206076146118,0.142930698839867,0.154734573481412,0.8,"median","qi"
"Lyon",38.4580473871583,0.148206076146118,0.142930698839867,0.154734573481412,0.8,"median","qi"
"Lyon",38.4586422218622,0.148206076146118,0.142930698839867,0.154734573481412,0.8,"median","qi"
"Lyon",38.459237056566,0.148206076146118,0.142930698839867,0.154734573481412,0.8,"median","qi"
"Lyon",38.4598318912698,0.148206076146118,0.142930698839867,0.154734573481412,0.8,"median","qi"
"Lyon",38.4604267259737,0.148206076146118,0.142930698839867,0.154734573481412,0.8,"median","qi"
"Lyon",38.4610215606775,0.148206076146118,0.142930698839867,0.154734573481412,0.8,"median","qi"
"Lyon",38.4616163953813,0.148206076146118,0.142930698839867,0.154734573481412,0.8,"median","qi"
"Lyon",38.4622112300852,0.148206076146118,0.142930698839867,0.154734573481412,0.8,"median","qi"
"Lyon",38.462806064789,0.148206076146118,0.142930698839867,0.154734573481412,0.8,"median","qi"
"Lyon",38.4634008994928,0.148206076146118,0.142930698839867,0.154734573481412,0.8,"median","qi"
"Lyon",38.4639957341967,0.148206076146118,0.142930698839867,0.154734573481412,0.8,"median","qi"
"Lyon",38.4645905689005,0.148206076146118,0.142930698839867,0.154734573481412,0.8,"median","qi"
"Lyon",38.4651854036043,0.148206076146118,0.142930698839867,0.154734573481412,0.8,"median","qi"
"Lyon",38.4657802383082,0.148206076146118,0.142930698839867,0.154734573481412,0.8,"median","qi"
"Lyon",38.466375073012,0.148206076146118,0.142930698839867,0.154734573481412,0.8,"median","qi"
"Lyon",38.4669699077158,0.148206076146118,0.142930698839867,0.154734573481412,0.8,"median","qi"
"Lyon",38.4675647424197,0.148206076146118,0.142930698839867,0.154734573481412,0.8,"median","qi"
"Lyon",38.4681595771235,0.148206076146118,0.142930698839867,0.154734573481412,0.8,"median","qi"
"Lyon",38.4687544118273,0.148206076146118,0.142930698839867,0.154734573481412,0.8,"median","qi"
"Lyon",38.4693492465312,0.148206076146118,0.142930698839867,0.154734573481412,0.8,"median","qi"
"Lyon",38.469944081235,0.148206076146118,0.142930698839867,0.154734573481412,0.8,"median","qi"
"Lyon",38.4705389159388,0.148206076146118,0.142930698839867,0.154734573481412,0.8,"median","qi"
"Lyon",38.4711337506427,0.148206076146118,0.142930698839867,0.154734573481412,0.8,"median","qi"
"Lyon",38.4717285853465,0.148206076146118,0.142930698839867,0.154734573481412,0.8,"median","qi"
"Lyon",38.4723234200503,0.148206076146118,0.142930698839867,0.154734573481412,0.8,"median","qi"
"Lyon",38.4729182547542,0.148206076146118,0.142930698839867,0.154734573481412,0.8,"median","qi"
"Lyon",38.473513089458,0.148206076146118,0.142930698839867,0.154734573481412,0.8,"median","qi"
"Lyon",38.4741079241618,0.148206076146118,0.142930698839867,0.154734573481412,0.8,"median","qi"
"Lyon",38.4747027588657,0.148206076146118,0.142930698839867,0.154734573481412,0.8,"median","qi"
"Lyon",38.4752975935695,0.148206076146118,0.142930698839867,0.154734573481412,0.8,"median","qi"
"Lyon",38.4758924282733,0.148206076146118,0.142930698839867,0.154734573481412,0.8,"median","qi"
"Lyon",38.4764872629772,0.148206076146118,0.142930698839867,0.154734573481412,0.8,"median","qi"
"Lyon",38.477082097681,0.148206076146118,0.142930698839867,0.154734573481412,0.8,"median","qi"
"Lyon",38.4776769323848,0.148206076146118,0.142930698839867,0.154734573481412,0.8,"median","qi"
"Lyon",38.4782717670887,0.148206076146118,0.142930698839867,0.154734573481412,0.8,"median","qi"
"Lyon",38.4788666017925,0.148206076146118,0.142930698839867,0.154734573481412,0.8,"median","qi"
"Lyon",38.4794614364963,0.148206076146118,0.142930698839867,0.154734573481412,0.8,"median","qi"
"Lyon",38.4800562712002,0.148206076146118,0.142930698839867,0.154734573481412,0.8,"median","qi"
"Lyon",38.480651105904,0.148206076146118,0.142930698839867,0.154734573481412,0.8,"median","qi"
"Lyon",38.4812459406078,0.148206076146118,0.142930698839867,0.154734573481412,0.8,"median","qi"
"Lyon",38.4818407753117,0.148206076146118,0.142930698839867,0.154734573481412,0.8,"median","qi"
"Lyon",38.4824356100155,0.148206076146118,0.142930698839867,0.154734573481412,0.8,"median","qi"
"Lyon",38.4830304447193,0.148206076146118,0.142930698839867,0.154734573481412,0.8,"median","qi"
"Lyon",38.4836252794232,0.148206076146118,0.142930698839867,0.154734573481412,0.8,"median","qi"
"Lyon",38.484220114127,0.148206076146118,0.142930698839867,0.154734573481412,0.8,"median","qi"
"Lyon",38.4848149488308,0.148206076146118,0.142930698839867,0.154734573481412,0.8,"median","qi"
"Lyon",38.4854097835347,0.148206076146118,0.142930698839867,0.154734573481412,0.8,"median","qi"
"Lyon",38.4860046182385,0.148206076146118,0.142930698839867,0.154734573481412,0.8,"median","qi"
"Lyon",38.4865994529423,0.148206076146118,0.142930698839867,0.154734573481412,0.8,"median","qi"
"Lyon",38.4871942876462,0.148206076146118,0.142930698839867,0.154734573481412,0.8,"median","qi"
"Lyon",38.48778912235,0.148206076146118,0.142930698839867,0.154734573481412,0.8,"median","qi"
"Lyon",38.4883839570538,0.148206076146118,0.142930698839867,0.154734573481412,0.8,"median","qi"
"Lyon",38.4889787917577,0.148206076146118,0.142930698839867,0.154734573481412,0.8,"median","qi"
"Lyon",38.4895736264615,0.148206076146118,0.142930698839867,0.154734573481412,0.8,"median","qi"
"Lyon",38.4901684611653,0.148206076146118,0.142930698839867,0.154734573481412,0.8,"median","qi"
"Lyon",38.4907632958692,0.148206076146118,0.142930698839867,0.154734573481412,0.8,"median","qi"
"Lyon",38.491358130573,0.148206076146118,0.142930698839867,0.154734573481412,0.8,"median","qi"
"Lyon",38.4919529652769,0.148206076146118,0.142930698839867,0.154734573481412,0.8,"median","qi"
"Lyon",38.4925477999807,0.148206076146118,0.142930698839867,0.154734573481412,0.8,"median","qi"
"Lyon",38.4931426346845,0.148206076146118,0.142930698839867,0.154734573481412,0.8,"median","qi"
"Lyon",38.4937374693883,0.148206076146118,0.142930698839867,0.154734573481412,0.8,"median","qi"
"Lyon",38.4943323040922,0.148206076146118,0.142930698839867,0.154734573481412,0.8,"median","qi"
"Lyon",38.494927138796,0.148206076146118,0.142930698839867,0.154734573481412,0.8,"median","qi"
"Lyon",38.4955219734999,0.148206076146118,0.142930698839867,0.154734573481412,0.8,"median","qi"
"Lyon",38.4961168082037,0.148206076146118,0.142930698839867,0.154734573481412,0.8,"median","qi"
"Lyon",38.4967116429075,0.148206076146118,0.142930698839867,0.154734573481412,0.8,"median","qi"
"Lyon",38.4973064776114,0.148206076146118,0.142930698839867,0.154734573481412,0.8,"median","qi"
"Lyon",38.4979013123152,0.148206076146118,0.142930698839867,0.154734573481412,0.8,"median","qi"
"Lyon",38.498496147019,0.148206076146118,0.142930698839867,0.154734573481412,0.8,"median","qi"
"Lyon",38.4990909817229,0.148206076146118,0.142930698839867,0.154734573481412,0.8,"median","qi"
"Lyon",38.4996858164267,0.148206076146118,0.142930698839867,0.154734573481412,0.8,"median","qi"
"Lyon",38.5002806511305,0.148206076146118,0.142930698839867,0.154734573481412,0.8,"median","qi"
"Lyon",38.5008754858344,0.148206076146118,0.142930698839867,0.154734573481412,0.8,"median","qi"
"Lyon",38.5014703205382,0.148206076146118,0.142930698839867,0.154734573481412,0.8,"median","qi"
"Lyon",38.502065155242,0.148206076146118,0.142930698839867,0.154734573481412,0.8,"median","qi"
"Lyon",38.5026599899459,0.148206076146118,0.142930698839867,0.154734573481412,0.8,"median","qi"
"Lyon",38.5032548246497,0.148206076146118,0.142930698839867,0.154734573481412,0.8,"median","qi"
"Lyon",38.5038496593535,0.148206076146118,0.142930698839867,0.154734573481412,0.8,"median","qi"
"Lyon",38.5044444940574,0.148206076146118,0.142930698839867,0.154734573481412,0.8,"median","qi"
"Lyon",38.5050393287612,0.148206076146118,0.142930698839867,0.154734573481412,0.8,"median","qi"
"Lyon",38.505634163465,0.148206076146118,0.142930698839867,0.154734573481412,0.8,"median","qi"
"Lyon",38.5062289981689,0.148206076146118,0.142930698839867,0.154734573481412,0.8,"median","qi"
"Lyon",38.5068238328727,0.148206076146118,0.142930698839867,0.154734573481412,0.8,"median","qi"
"Lyon",38.5074186675765,0.148206076146118,0.142930698839867,0.154734573481412,0.8,"median","qi"
"Lyon",38.5080135022804,0.148206076146118,0.142930698839867,0.154734573481412,0.8,"median","qi"
"Lyon",38.5086083369842,0.148206076146118,0.142930698839867,0.154734573481412,0.8,"median","qi"
"Lyon",38.509203171688,0.148206076146118,0.142930698839867,0.154734573481412,0.8,"median","qi"
"Lyon",38.5097980063919,0.148206076146118,0.142930698839867,0.154734573481412,0.8,"median","qi"
"Lyon",38.5103928410957,0.148206076146118,0.142930698839867,0.154734573481412,0.8,"median","qi"
"Lyon",38.5109876757995,0.148206076146118,0.142930698839867,0.154734573481412,0.8,"median","qi"
"Lyon",38.5115825105034,0.148206076146118,0.142930698839867,0.154734573481412,0.8,"median","qi"
"Lyon",38.5121773452072,0.148206076146118,0.142930698839867,0.154734573481412,0.8,"median","qi"
