"Box","SST","y","ymin","ymax",".width",".point",".interval"
"Adriatic",13.5982199775819,0.148565145274344,0.13155464255627,0.166634685770212,0.8,"median","qi"
"Adriatic",13.6657990996585,0.14293363042678,0.126989435622725,0.159839471232563,0.8,"median","qi"
"Adriatic",13.7333782217351,0.137331571546492,0.122110448153399,0.153472205116671,0.8,"median","qi"
"Adriatic",13.8009573438117,0.13199441626717,0.117388726824544,0.147086836747606,0.8,"median","qi"
"Adriatic",13.8685364658883,0.126949714207196,0.113025173953829,0.14106671708707,0.8,"median","qi"
"Adriatic",13.9361155879649,0.122031857216845,0.108653214942755,0.135565472459236,0.8,"median","qi"
"Adriatic",14.0036947100415,0.117334166524193,0.104753795427203,0.130411301615482,0.8,"median","qi"
"Adriatic",14.0712738321181,0.112852631968574,0.10085289445044,0.125616925920116,0.8,"median","qi"
"Adriatic",14.1388529541947,0.108583187602886,0.0971161970403623,0.121101985444451,0.8,"median","qi"
"Adriatic",14.2064320762713,0.104580462809427,0.093677852788877,0.116797950619757,0.8,"median","qi"
"Adriatic",14.274011198348,0.101027816651849,0.0905719372272504,0.112696808863309,0.8,"median","qi"
"Adriatic",14.3415903204246,0.0976551796919677,0.0875936326863601,0.109078407637227,0.8,"median","qi"
"Adriatic",14.4091694425012,0.0946281093878678,0.0848112509966418,0.105604362914675,0.8,"median","qi"
"Adriatic",14.4767485645778,0.0919306684841397,0.0824077622771303,0.102444337927173,0.8,"median","qi"
"Adriatic",14.5443276866544,0.0895106605881108,0.0802729897889788,0.0998575456274949,0.8,"median","qi"
"Adriatic",14.611906808731,0.0873474434924603,0.0783124729832413,0.0974324285248844,0.8,"median","qi"
"Adriatic",14.6794859308076,0.0855272996900266,0.0767267820790891,0.0953053181367824,0.8,"median","qi"
"Adriatic",14.7470650528842,0.0839494538309098,0.0753658156015874,0.0935700741418737,0.8,"median","qi"
"Adriatic",14.8146441749608,0.0826132299164222,0.0742399043974547,0.0920775032790251,0.8,"median","qi"
"Adriatic",14.8822232970374,0.0815205165483623,0.0733954455750921,0.0907863212996984,0.8,"median","qi"
"Adriatic",14.949802419114,0.0807075742804723,0.0727197003548449,0.0898824287961507,0.8,"median","qi"
"Adriatic",15.0173815411906,0.0801625086480526,0.0723611909406146,0.0891852383380506,0.8,"median","qi"
"Adriatic",15.0849606632672,0.0798212179517987,0.0723053193415917,0.088681204525358,0.8,"median","qi"
"Adriatic",15.1525397853439,0.079717388243924,0.07236665830443,0.0884946562653556,0.8,"median","qi"
"Adriatic",15.2201189074205,0.0798100333149022,0.0724611891124569,0.0885770398311199,0.8,"median","qi"
"Adriatic",15.2876980294971,0.0800329954043911,0.0728031444668186,0.0887908882439449,0.8,"median","qi"
"Adriatic",15.3552771515737,0.0804591382906157,0.0733509452113627,0.0893731686613194,0.8,"median","qi"
"Adriatic",15.4228562736503,0.0810843083681134,0.073894535438626,0.0899001484987862,0.8,"median","qi"
"Adriatic",15.4904353957269,0.0817978731798716,0.0746965298881278,0.0905654457110518,0.8,"median","qi"
"Adriatic",15.5580145178035,0.0827626222452427,0.0754916453936443,0.0915328461584177,0.8,"median","qi"
"Adriatic",15.6255936398801,0.0837482514477454,0.0764305849507889,0.0924666711084527,0.8,"median","qi"
"Adriatic",15.6931727619567,0.0848925269317805,0.0774087458096123,0.0935951584681832,0.8,"median","qi"
"Adriatic",15.7607518840333,0.0861336323158973,0.0785543213563565,0.0948480102130584,0.8,"median","qi"
"Adriatic",15.8283310061099,0.0874441687724034,0.0798249534074039,0.0961691869698415,0.8,"median","qi"
"Adriatic",15.8959101281865,0.0889170523424057,0.0811537108231949,0.0976388675766209,0.8,"median","qi"
"Adriatic",15.9634892502631,0.0902378932745939,0.0825995124153324,0.0988978401211765,0.8,"median","qi"
"Adriatic",16.0310683723398,0.0917726494193621,0.0839291310195983,0.100424476584692,0.8,"median","qi"
"Adriatic",16.0986474944164,0.0933100124077744,0.0853137107209937,0.101843495447001,0.8,"median","qi"
"Adriatic",16.166226616493,0.0948161494483644,0.0868060957892233,0.10338179604982,0.8,"median","qi"
"Adriatic",16.2338057385696,0.0963449160379593,0.088315403320922,0.104973341297953,0.8,"median","qi"
"Adriatic",16.3013848606462,0.097882033550049,0.0899276600300532,0.106611293798931,0.8,"median","qi"
"Adriatic",16.3689639827228,0.0994251294434997,0.0914334312663139,0.108228859187129,0.8,"median","qi"
"Adriatic",16.4365431047994,0.100950035688434,0.0928360810889097,0.109847218325631,0.8,"median","qi"
"Adriatic",16.504122226876,0.102441963835032,0.094274433495249,0.111273579348451,0.8,"median","qi"
"Adriatic",16.5717013489526,0.103874473002775,0.0956928058615944,0.112804589740585,0.8,"median","qi"
"Adriatic",16.6392804710292,0.105295792963827,0.0971083802654511,0.114123644714559,0.8,"median","qi"
"Adriatic",16.7068595931058,0.106709730890081,0.0985713478819288,0.11542319432568,0.8,"median","qi"
"Adriatic",16.7744387151824,0.108129561401766,0.0997024101758155,0.11680007590781,0.8,"median","qi"
"Adriatic",16.842017837259,0.109460935605584,0.10090319146625,0.11804275799628,0.8,"median","qi"
"Adriatic",16.9095969593356,0.110694897274026,0.102146075731343,0.11931284813315,0.8,"median","qi"
"Adriatic",16.9771760814123,0.111869511767306,0.103314591937552,0.120445547377506,0.8,"median","qi"
"Adriatic",17.0447552034889,0.112873212354805,0.10442247492732,0.121706572391457,0.8,"median","qi"
"Adriatic",17.1123343255655,0.113946551376197,0.10548582782204,0.122854670980025,0.8,"median","qi"
"Adriatic",17.1799134476421,0.114959842508279,0.106438354826943,0.123907421106228,0.8,"median","qi"
"Adriatic",17.2474925697187,0.115943986815864,0.107280342222653,0.125003378416511,0.8,"median","qi"
"Adriatic",17.3150716917953,0.116812560265046,0.108080771551376,0.125970012753002,0.8,"median","qi"
"Adriatic",17.3826508138719,0.117729279650012,0.108849863714766,0.126748832794617,0.8,"median","qi"
"Adriatic",17.4502299359485,0.118394955006955,0.109540179450216,0.127619820278102,0.8,"median","qi"
"Adriatic",17.5178090580251,0.11900767592528,0.110103455628252,0.128341852190853,0.8,"median","qi"
"Adriatic",17.5853881801017,0.11966235061872,0.110543958591148,0.12892042176352,0.8,"median","qi"
"Adriatic",17.6529673021783,0.12020528703361,0.110926549857353,0.129529301165492,0.8,"median","qi"
"Adriatic",17.7205464242549,0.120831888976382,0.111332030326207,0.130200051097871,0.8,"median","qi"
"Adriatic",17.7881255463315,0.121313311023024,0.111884248237512,0.130770506395722,0.8,"median","qi"
"Adriatic",17.8557046684082,0.12168637796187,0.11226505638392,0.131121166973847,0.8,"median","qi"
"Adriatic",17.9232837904848,0.122155362102863,0.11256925490606,0.131547808194206,0.8,"median","qi"
"Adriatic",17.9908629125614,0.122426152105894,0.112785811128504,0.132007375613237,0.8,"median","qi"
"Adriatic",18.058442034638,0.122792423448883,0.113040071376948,0.132262072449494,0.8,"median","qi"
"Adriatic",18.1260211567146,0.123098982894487,0.11324711378003,0.132573103577426,0.8,"median","qi"
"Adriatic",18.1936002787912,0.123360051629843,0.113453619072981,0.132902721249299,0.8,"median","qi"
"Adriatic",18.2611794008678,0.123677521835642,0.113677264641014,0.133116057594752,0.8,"median","qi"
"Adriatic",18.3287585229444,0.123854789404396,0.113680941575234,0.133331042024834,0.8,"median","qi"
"Adriatic",18.396337645021,0.124016146483395,0.114038298198265,0.13363040608329,0.8,"median","qi"
"Adriatic",18.4639167670976,0.124222289929574,0.114088830322797,0.133742118529887,0.8,"median","qi"
"Adriatic",18.5314958891742,0.124364325366505,0.113972088388469,0.133927489055599,0.8,"median","qi"
"Adriatic",18.5990750112508,0.124530105257218,0.114133516790068,0.134183256146332,0.8,"median","qi"
"Adriatic",18.6666541333274,0.124758927075727,0.114238372874041,0.134399939898737,0.8,"median","qi"
"Adriatic",18.734233255404,0.124881029284671,0.114219891545819,0.134529823133551,0.8,"median","qi"
"Adriatic",18.8018123774807,0.124907321392892,0.114251910575123,0.134655187498331,0.8,"median","qi"
"Adriatic",18.8693914995573,0.125053385379699,0.114211551937641,0.13472946521337,0.8,"median","qi"
"Adriatic",18.9369706216339,0.125157681112549,0.114220506957036,0.134846841821802,0.8,"median","qi"
"Adriatic",19.0045497437105,0.125123986371245,0.114364309274659,0.134943113100683,0.8,"median","qi"
"Adriatic",19.0721288657871,0.125115468402135,0.114325734179814,0.13495587223038,0.8,"median","qi"
"Adriatic",19.1397079878637,0.125156647620537,0.114289435038687,0.135007632552483,0.8,"median","qi"
"Adriatic",19.2072871099403,0.125221219409938,0.114352279628157,0.135202961985165,0.8,"median","qi"
"Adriatic",19.2748662320169,0.125248034342951,0.114354043956687,0.135297013622347,0.8,"median","qi"
"Adriatic",19.3424453540935,0.125268582280681,0.114405489733296,0.135276503523509,0.8,"median","qi"
"Adriatic",19.4100244761701,0.125187144444928,0.114465544711103,0.135250546201163,0.8,"median","qi"
"Adriatic",19.4776035982467,0.125087140829146,0.114386796038432,0.135222366900646,0.8,"median","qi"
"Adriatic",19.5451827203233,0.124918300048639,0.114333979985216,0.135091044453252,0.8,"median","qi"
"Adriatic",19.6127618423999,0.124719105961729,0.114298767110563,0.134943725955273,0.8,"median","qi"
"Adriatic",19.6803409644766,0.12459011040734,0.114150819529205,0.134685758378175,0.8,"median","qi"
"Adriatic",19.7479200865532,0.124361321063671,0.114060880442889,0.134452579614859,0.8,"median","qi"
"Adriatic",19.8154992086298,0.124145285362156,0.11387077028481,0.134327471250113,0.8,"median","qi"
"Adriatic",19.8830783307064,0.123961317959659,0.113678793996167,0.134070533668964,0.8,"median","qi"
"Adriatic",19.950657452783,0.123716159254572,0.11347029431469,0.133758754181322,0.8,"median","qi"
"Adriatic",20.0182365748596,0.123510186135572,0.113280120588115,0.133416085473518,0.8,"median","qi"
"Adriatic",20.0858156969362,0.123241479304918,0.112982194956078,0.13303017103676,0.8,"median","qi"
"Adriatic",20.1533948190128,0.122995242194197,0.112887984085529,0.132712325501738,0.8,"median","qi"
"Adriatic",20.2209739410894,0.122569250429516,0.112509009710301,0.132378828822826,0.8,"median","qi"
"Adriatic",20.288553063166,0.12214436513242,0.112130977370501,0.132046076149274,0.8,"median","qi"
"Adriatic",20.3561321852426,0.121667858201838,0.111734195498174,0.131556907422945,0.8,"median","qi"
"Adriatic",20.4237113073192,0.121289439100198,0.111124533652081,0.1312621450317,0.8,"median","qi"
"Adriatic",20.4912904293958,0.120876351035911,0.110747814484262,0.130955805737763,0.8,"median","qi"
"Adriatic",20.5588695514725,0.12034194861557,0.110205128132129,0.130508309868713,0.8,"median","qi"
"Adriatic",20.6264486735491,0.119824102067443,0.10964042022359,0.130237194435939,0.8,"median","qi"
"Adriatic",20.6940277956257,0.119338273818279,0.109070503719534,0.129713775357541,0.8,"median","qi"
"Adriatic",20.7616069177023,0.118785427622611,0.108487800236891,0.129145198096256,0.8,"median","qi"
"Adriatic",20.8291860397789,0.118242544240323,0.10800420114259,0.128638636088131,0.8,"median","qi"
"Adriatic",20.8967651618555,0.117611912885305,0.107329937089761,0.128134106519788,0.8,"median","qi"
"Adriatic",20.9643442839321,0.117040452975116,0.10664200781676,0.127594930985789,0.8,"median","qi"
"Adriatic",21.0319234060087,0.116344517531553,0.105806400000484,0.127034996744799,0.8,"median","qi"
"Adriatic",21.0995025280853,0.115719264371928,0.105257525905824,0.126573788122679,0.8,"median","qi"
"Adriatic",21.1670816501619,0.115206174238446,0.104536631295511,0.126050465238291,0.8,"median","qi"
"Adriatic",21.2346607722385,0.114670743160014,0.103833431014169,0.125461182076773,0.8,"median","qi"
"Adriatic",21.3022398943151,0.113988847104346,0.103223068474461,0.124945129360106,0.8,"median","qi"
"Adriatic",21.3698190163917,0.113435677941253,0.102564390266986,0.124364237371803,0.8,"median","qi"
"Adriatic",21.4373981384683,0.112842052405429,0.101984887474061,0.123739441690221,0.8,"median","qi"
"Adriatic",21.504977260545,0.112268100709993,0.10139808434058,0.123043907170454,0.8,"median","qi"
"Adriatic",21.5725563826216,0.111710198340341,0.100774381152913,0.122411580890772,0.8,"median","qi"
"Adriatic",21.6401355046982,0.111071786153171,0.100176445050756,0.121736012400399,0.8,"median","qi"
"Adriatic",21.7077146267748,0.110449270421664,0.0996924347102019,0.121080664790704,0.8,"median","qi"
"Adriatic",21.7752937488514,0.109803538667152,0.0991757054800017,0.120397040876778,0.8,"median","qi"
"Adriatic",21.842872870928,0.10925984782702,0.0986210746765096,0.119701905225808,0.8,"median","qi"
"Adriatic",21.9104519930046,0.108688199405365,0.0982218338838959,0.119095228413646,0.8,"median","qi"
"Adriatic",21.9780311150812,0.108131762241122,0.0976590211748113,0.118376150190916,0.8,"median","qi"
"Adriatic",22.0456102371578,0.10759999976627,0.0973188123039539,0.117723002807253,0.8,"median","qi"
"Adriatic",22.1131893592344,0.10701509248286,0.0967995761427838,0.117000282186846,0.8,"median","qi"
"Adriatic",22.180768481311,0.10647507103412,0.0963767809746671,0.116366874008972,0.8,"median","qi"
"Adriatic",22.2483476033876,0.105994443161279,0.0960193373573697,0.11574830494743,0.8,"median","qi"
"Adriatic",22.3159267254642,0.105498934922538,0.0954791093275301,0.115038040413692,0.8,"median","qi"
"Adriatic",22.3835058475409,0.105017043985423,0.0950896527324708,0.114370652076896,0.8,"median","qi"
"Adriatic",22.4510849696175,0.104618848499226,0.0947573589317578,0.113829556656896,0.8,"median","qi"
"Adriatic",22.5186640916941,0.104156897165779,0.0946129028853214,0.11320400987474,0.8,"median","qi"
"Adriatic",22.5862432137707,0.103676880107119,0.0944087270477446,0.112593786194424,0.8,"median","qi"
"Adriatic",22.6538223358473,0.10324782649924,0.0941159085091243,0.111974568557346,0.8,"median","qi"
"Adriatic",22.7214014579239,0.102826264207202,0.0938955370583671,0.111409149652506,0.8,"median","qi"
"Adriatic",22.7889805800005,0.102428486075756,0.0936213094270478,0.110793456123645,0.8,"median","qi"
"Adriatic",22.8565597020771,0.101998855451399,0.093452458855402,0.110283225587446,0.8,"median","qi"
"Adriatic",22.9241388241537,0.101594668720487,0.0930687166614151,0.109870376601792,0.8,"median","qi"
"Adriatic",22.9917179462303,0.101261640424808,0.0927768840531289,0.109368887142104,0.8,"median","qi"
"Adriatic",23.0592970683069,0.100862298912801,0.0924085577003281,0.108878577344572,0.8,"median","qi"
"Adriatic",23.1268761903835,0.100533931912044,0.0920855422948726,0.108447124079732,0.8,"median","qi"
"Adriatic",23.1944553124601,0.100144522046621,0.0918126129768623,0.1080562222501,0.8,"median","qi"
"Adriatic",23.2620344345368,0.0997206350083652,0.0915153946051101,0.107499253809616,0.8,"median","qi"
"Adriatic",23.3296135566134,0.0993370446155133,0.0911427287140354,0.107087056975115,0.8,"median","qi"
"Adriatic",23.39719267869,0.09895581365084,0.0909436385602885,0.106686998503116,0.8,"median","qi"
"Adriatic",23.4647718007666,0.0985774135341884,0.0906926327263515,0.106255529061649,0.8,"median","qi"
"Adriatic",23.5323509228432,0.0981496610068361,0.0904015208574343,0.105780944782007,0.8,"median","qi"
"Adriatic",23.5999300449198,0.0977341129028615,0.0900349665583473,0.105265768968878,0.8,"median","qi"
"Adriatic",23.6675091669964,0.0973664827488917,0.0896621506215868,0.104819994875383,0.8,"median","qi"
"Adriatic",23.735088289073,0.0970057962872896,0.0892676985048047,0.104460362775703,0.8,"median","qi"
"Adriatic",23.8026674111496,0.0966082656813608,0.0888670567795203,0.104093758659256,0.8,"median","qi"
"Adriatic",23.8702465332262,0.0961235814478081,0.0884733038471859,0.103742500873046,0.8,"median","qi"
"Adriatic",23.9378256553028,0.0957214860853909,0.0880273734283005,0.103325637127066,0.8,"median","qi"
"Adriatic",24.0054047773794,0.0952911340063907,0.0875914720751795,0.102934646319725,0.8,"median","qi"
"Adriatic",24.072983899456,0.0949013300883685,0.0871782913700423,0.102570060374644,0.8,"median","qi"
"Adriatic",24.1405630215326,0.0944715437743368,0.086687205337427,0.102114701544706,0.8,"median","qi"
"Adriatic",24.2081421436093,0.0939866274497473,0.0861859098735799,0.101759767515332,0.8,"median","qi"
"Adriatic",24.2757212656859,0.0935707802295236,0.0856215037741678,0.101266091165539,0.8,"median","qi"
"Adriatic",24.3433003877625,0.0930926893301346,0.0852037389809125,0.100857729992215,0.8,"median","qi"
"Adriatic",24.4108795098391,0.0926406374710914,0.0846843165578534,0.100367412183714,0.8,"median","qi"
"Adriatic",24.4784586319157,0.0921170834195593,0.0842108418836569,0.0999283495466674,0.8,"median","qi"
"Adriatic",24.5460377539923,0.0915849350343975,0.083737605690908,0.0993948978113785,0.8,"median","qi"
"Adriatic",24.6136168760689,0.0910715907888532,0.0832095309074786,0.0989267676325893,0.8,"median","qi"
"Adriatic",24.6811959981455,0.0905614473231125,0.0826112751045032,0.0984296539553996,0.8,"median","qi"
"Adriatic",24.7487751202221,0.0900087510185762,0.0820459871899619,0.0979222622047733,0.8,"median","qi"
"Adriatic",24.8163542422987,0.0894847861337987,0.0815199282611486,0.097344713163336,0.8,"median","qi"
"Adriatic",24.8839333643753,0.088955754405025,0.0808865295172751,0.0967565697555325,0.8,"median","qi"
"Adriatic",24.9515124864519,0.0883629942326746,0.0804373452263728,0.0961441942971815,0.8,"median","qi"
"Adriatic",25.0190916085285,0.0878676915346642,0.0799603859090143,0.0955864329588441,0.8,"median","qi"
"Adriatic",25.0866707306051,0.0874021186368309,0.0793581474336449,0.0949733451688624,0.8,"median","qi"
"Adriatic",25.1542498526818,0.0868621393204541,0.0787549948237292,0.0943014301198978,0.8,"median","qi"
"Adriatic",25.2218289747584,0.0862813673537057,0.0781298716090321,0.0936919596270671,0.8,"median","qi"
"Adriatic",25.289408096835,0.0857098847191616,0.0775140888952294,0.0930688855066609,0.8,"median","qi"
"Adriatic",25.3569872189116,0.085092155675256,0.0770759343471788,0.0925121990133768,0.8,"median","qi"
"Adriatic",25.4245663409882,0.0844773333041993,0.076624517633326,0.0918834595835602,0.8,"median","qi"
"Adriatic",25.4921454630648,0.0839776477255473,0.0761997207252936,0.0913064103606437,0.8,"median","qi"
"Adriatic",25.5597245851414,0.0833684137727978,0.0757145005544862,0.0906653629496463,0.8,"median","qi"
"Adriatic",25.627303707218,0.0828501257383027,0.0752916117736668,0.0900702348452515,0.8,"median","qi"
"Adriatic",25.6948828292946,0.0823229982279327,0.0747987800834513,0.0894575852091031,0.8,"median","qi"
"Adriatic",25.7624619513712,0.0816668098030437,0.0743539845503981,0.0888283650810057,0.8,"median","qi"
"Adriatic",25.8300410734478,0.0811432467938585,0.0739858715174239,0.088219135910039,0.8,"median","qi"
"Adriatic",25.8976201955244,0.0806328408811153,0.0735911762367811,0.0876593920069874,0.8,"median","qi"
"Adriatic",25.965199317601,0.0800504316955327,0.0731693091912525,0.0870996508450557,0.8,"median","qi"
"Adriatic",26.0327784396777,0.0795467696102004,0.0726924312112909,0.0865269080332928,0.8,"median","qi"
"Adriatic",26.1003575617543,0.0790677190840546,0.0721990012646941,0.0859809516866714,0.8,"median","qi"
"Adriatic",26.1679366838309,0.0785980800726561,0.0717624955573489,0.085344736108068,0.8,"median","qi"
"Adriatic",26.2355158059075,0.0780917840046124,0.0713857322906323,0.084883684228247,0.8,"median","qi"
"Adriatic",26.3030949279841,0.0776458553737003,0.0709388520970266,0.084239781868029,0.8,"median","qi"
"Adriatic",26.3706740500607,0.0771784981470055,0.070590271208576,0.0837207803105154,0.8,"median","qi"
"Adriatic",26.4382531721373,0.0766624662293999,0.0702075069875548,0.0831245751855399,0.8,"median","qi"
"Adriatic",26.5058322942139,0.0762206634369361,0.0698545687879002,0.0826238551450291,0.8,"median","qi"
"Adriatic",26.5734114162905,0.0757948887740392,0.0694522968936818,0.0821489160741227,0.8,"median","qi"
"Adriatic",26.6409905383671,0.0754261379719353,0.0690470787003919,0.0816890772323062,0.8,"median","qi"
"Adriatic",26.7085696604437,0.0750265543590568,0.0685515962683058,0.0813333679788675,0.8,"median","qi"
"Adriatic",26.7761487825203,0.0745707671263714,0.067971048380726,0.0810777317372622,0.8,"median","qi"
"Adriatic",26.8437279045969,0.0742053597230013,0.067399561092841,0.0808700519651384,0.8,"median","qi"
"Adriatic",26.9113070266736,0.073886743202814,0.0667882081619445,0.0807411826304229,0.8,"median","qi"
"Adriatic",26.9788861487502,0.0733705868773781,0.066070502793788,0.0807298829231461,0.8,"median","qi"
"Adriatic",27.0464652708268,0.0731289984494218,0.0653358826154946,0.0808193926844549,0.8,"median","qi"
"Cyprus",16.833160625497,0.0380063924578367,0.0273787273837078,0.0500769257787855,0.8,"median","qi"
"Cyprus",16.892884268048,0.0384688867909325,0.0281479802738885,0.050230321841134,0.8,"median","qi"
"Cyprus",16.9526079105991,0.0389868108919462,0.0289020862716926,0.0503625918669197,0.8,"median","qi"
"Cyprus",17.0123315531501,0.0397334236679455,0.0297442344240691,0.0507251016015896,0.8,"median","qi"
"Cyprus",17.0720551957012,0.0402510937350417,0.0305879669607048,0.0511208912410345,0.8,"median","qi"
"Cyprus",17.1317788382523,0.0409248455866844,0.0313583544321801,0.0512846438212382,0.8,"median","qi"
"Cyprus",17.1915024808033,0.0415908375042619,0.032179841616498,0.0516281262577031,0.8,"median","qi"
"Cyprus",17.2512261233544,0.0421936627716158,0.0329362568419358,0.0519637148802872,0.8,"median","qi"
"Cyprus",17.3109497659054,0.0428624197603175,0.0337186569140347,0.0522633223087156,0.8,"median","qi"
"Cyprus",17.3706734084565,0.0434749726946009,0.0345852462326946,0.0526886324433282,0.8,"median","qi"
"Cyprus",17.4303970510075,0.0441033046125722,0.0355600785299629,0.053119927890133,0.8,"median","qi"
"Cyprus",17.4901206935586,0.0447426017618452,0.0363627903522084,0.0536651990495182,0.8,"median","qi"
"Cyprus",17.5498443361096,0.0454526979432584,0.0372161505281802,0.0542654345346352,0.8,"median","qi"
"Cyprus",17.6095679786607,0.0461273048437872,0.0379552873515342,0.0547997951742974,0.8,"median","qi"
"Cyprus",17.6692916212117,0.046803990980756,0.0386263708952021,0.0553628843241655,0.8,"median","qi"
"Cyprus",17.7290152637628,0.0474259817811037,0.0394852642497083,0.0559104467096918,0.8,"median","qi"
"Cyprus",17.7887389063138,0.0482167958540415,0.0402559215401516,0.0563992473563041,0.8,"median","qi"
"Cyprus",17.8484625488649,0.0488156942477293,0.0409500440062008,0.0568378755898685,0.8,"median","qi"
"Cyprus",17.908186191416,0.0494136684863802,0.0417097907083701,0.0572541386246185,0.8,"median","qi"
"Cyprus",17.967909833967,0.0500663957939768,0.0423810464342861,0.0576951053574678,0.8,"median","qi"
"Cyprus",18.0276334765181,0.0506497485932648,0.0430852091649169,0.0581859057968877,0.8,"median","qi"
"Cyprus",18.0873571190691,0.0511907774222789,0.0437898925264166,0.0585613429820687,0.8,"median","qi"
"Cyprus",18.1470807616202,0.051734318258851,0.0444048821854388,0.0589488110006644,0.8,"median","qi"
"Cyprus",18.2068044041712,0.0522490996292218,0.0450206315119139,0.059314459840633,0.8,"median","qi"
"Cyprus",18.2665280467223,0.0527172581151351,0.0455659479029139,0.0597443935404657,0.8,"median","qi"
"Cyprus",18.3262516892733,0.0531464078736579,0.0460944397149526,0.0600744722232783,0.8,"median","qi"
"Cyprus",18.3859753318244,0.0535153101257006,0.0466079288569654,0.0603958099921141,0.8,"median","qi"
"Cyprus",18.4456989743754,0.0538854952077552,0.0469850904526121,0.0606556733882419,0.8,"median","qi"
"Cyprus",18.5054226169265,0.0542322419799178,0.0474017095111608,0.0609704946138322,0.8,"median","qi"
"Cyprus",18.5651462594775,0.0545450339568466,0.0477390901140029,0.0612312625324525,0.8,"median","qi"
"Cyprus",18.6248699020286,0.0548089979447351,0.0481196446458809,0.0614215021561823,0.8,"median","qi"
"Cyprus",18.6845935445796,0.0550607455162873,0.0484392780892725,0.0616653802553064,0.8,"median","qi"
"Cyprus",18.7443171871307,0.0552239908329233,0.0487353580701902,0.0617213214574431,0.8,"median","qi"
"Cyprus",18.8040408296817,0.0553365048463136,0.0490045265021544,0.0617634267864061,0.8,"median","qi"
"Cyprus",18.8637644722328,0.0554511303492324,0.0491634376863356,0.0618113554686794,0.8,"median","qi"
"Cyprus",18.9234881147839,0.0555235955568365,0.0492730923890539,0.0617980887275529,0.8,"median","qi"
"Cyprus",18.9832117573349,0.0555336711277428,0.0493624932069317,0.0617038980795202,0.8,"median","qi"
"Cyprus",19.042935399886,0.0555104117009663,0.0494455666169594,0.0616205152732375,0.8,"median","qi"
"Cyprus",19.102659042437,0.0553530885266596,0.0494096586996873,0.0614800343419857,0.8,"median","qi"
"Cyprus",19.1623826849881,0.0552447624129463,0.0493710116053927,0.0613000969468749,0.8,"median","qi"
"Cyprus",19.2221063275391,0.0551439756804955,0.0493766979143927,0.0611035115174577,0.8,"median","qi"
"Cyprus",19.2818299700902,0.0549639103129118,0.0493273243132816,0.060830548108228,0.8,"median","qi"
"Cyprus",19.3415536126412,0.0547848658136648,0.0491700149607212,0.0604748532243062,0.8,"median","qi"
"Cyprus",19.4012772551923,0.0545697336125096,0.0490489435950029,0.0601274480573748,0.8,"median","qi"
"Cyprus",19.4610008977433,0.0542875582131325,0.0488500436873714,0.0597487502481464,0.8,"median","qi"
"Cyprus",19.5207245402944,0.0539747093131987,0.0486535932134892,0.0592914792759526,0.8,"median","qi"
"Cyprus",19.5804481828454,0.0536474186705781,0.0484969648997822,0.0588265158016852,0.8,"median","qi"
"Cyprus",19.6401718253965,0.0532451308732031,0.048262600442652,0.0582389744855435,0.8,"median","qi"
"Cyprus",19.6998954679476,0.0528348976911133,0.0479548257015224,0.0576430117232245,0.8,"median","qi"
"Cyprus",19.7596191104986,0.0523621481001437,0.0476263581792096,0.0571226023612908,0.8,"median","qi"
"Cyprus",19.8193427530497,0.0518894175484787,0.0473607225815146,0.056515790656545,0.8,"median","qi"
"Cyprus",19.8790663956007,0.0514083871036208,0.0470188553404045,0.0559271249107058,0.8,"median","qi"
"Cyprus",19.9387900381518,0.0509122141956213,0.0465904696321534,0.055295593938585,0.8,"median","qi"
"Cyprus",19.9985136807028,0.0503764013456949,0.0462223414225535,0.0547033303969355,0.8,"median","qi"
"Cyprus",20.0582373232539,0.0498068333338248,0.0458630822169538,0.0539786819148867,0.8,"median","qi"
"Cyprus",20.1179609658049,0.0492411821485439,0.0453911956141534,0.0532764476919351,0.8,"median","qi"
"Cyprus",20.177684608356,0.04868340070473,0.0449402739387247,0.0526632912712553,0.8,"median","qi"
"Cyprus",20.237408250907,0.0481539492673554,0.0444879012349664,0.0519480673040712,0.8,"median","qi"
"Cyprus",20.2971318934581,0.0475263962887866,0.0439691674068309,0.0512645625269762,0.8,"median","qi"
"Cyprus",20.3568555360091,0.0468743302550328,0.0434375985815315,0.0505483288154362,0.8,"median","qi"
"Cyprus",20.4165791785602,0.0462411933760629,0.0428633492512819,0.049925825591385,0.8,"median","qi"
"Cyprus",20.4763028211112,0.0456261701705003,0.042247773368907,0.0492650184725955,0.8,"median","qi"
"Cyprus",20.5360264636623,0.045058537032593,0.0417343588696268,0.0486819793550678,0.8,"median","qi"
"Cyprus",20.5957501062134,0.0444709427464655,0.0411183520519831,0.0480980630756337,0.8,"median","qi"
"Cyprus",20.6554737487644,0.0438670943940016,0.040534974840617,0.0475113499740196,0.8,"median","qi"
"Cyprus",20.7151973913155,0.0433026720395431,0.0398633478884465,0.0469395145685323,0.8,"median","qi"
"Cyprus",20.7749210338665,0.0427007285186909,0.03920620413838,0.0464298983289125,0.8,"median","qi"
"Cyprus",20.8346446764176,0.0421116973645935,0.0386140837308855,0.0458830495951459,0.8,"median","qi"
"Cyprus",20.8943683189686,0.0415529637984472,0.0380712470782422,0.0453667310232713,0.8,"median","qi"
"Cyprus",20.9540919615197,0.0410474675067483,0.0374875887065795,0.0448287394174658,0.8,"median","qi"
"Cyprus",21.0138156040707,0.0405045994150628,0.0368967491803152,0.0443945668785375,0.8,"median","qi"
"Cyprus",21.0735392466218,0.0399892475756397,0.036351468853653,0.0439664898433507,0.8,"median","qi"
"Cyprus",21.1332628891728,0.0395177575541021,0.035788652806617,0.0436011868116788,0.8,"median","qi"
"Cyprus",21.1929865317239,0.0390454268819332,0.0352326728123862,0.0432213011684459,0.8,"median","qi"
"Cyprus",21.2527101742749,0.0386279745336204,0.0347342596255822,0.042769821308274,0.8,"median","qi"
"Cyprus",21.312433816826,0.0381758806773716,0.0342440732739328,0.0423909419051364,0.8,"median","qi"
"Cyprus",21.372157459377,0.0377758770805108,0.0337128220161568,0.0420670190861253,0.8,"median","qi"
"Cyprus",21.4318811019281,0.0374125362515114,0.033277018882699,0.0417366620954455,0.8,"median","qi"
"Cyprus",21.4916047444792,0.0370270862122827,0.0328826511377907,0.0414384840834535,0.8,"median","qi"
"Cyprus",21.5513283870302,0.036671802385345,0.0324969671275492,0.0411539903865001,0.8,"median","qi"
"Cyprus",21.6110520295813,0.0363093843244708,0.0321141222219779,0.0408723147824799,0.8,"median","qi"
"Cyprus",21.6707756721323,0.035997898976282,0.031731703849601,0.040554054488179,0.8,"median","qi"
"Cyprus",21.7304993146834,0.0356935114159672,0.0313802371840293,0.040343949509216,0.8,"median","qi"
"Cyprus",21.7902229572344,0.0354049873273112,0.0311176067563925,0.0401469267539265,0.8,"median","qi"
"Cyprus",21.8499465997855,0.0351712214407868,0.0309099013108669,0.0398586449780455,0.8,"median","qi"
"Cyprus",21.9096702423365,0.0349552159017841,0.0306607078809908,0.039518851023507,0.8,"median","qi"
"Cyprus",21.9693938848876,0.0347055440938944,0.0303552168076988,0.0393773365060927,0.8,"median","qi"
"Cyprus",22.0291175274386,0.0344543293207134,0.0301017573066357,0.0391613705058401,0.8,"median","qi"
"Cyprus",22.0888411699897,0.0342404694460748,0.0298006189479396,0.0389492060658486,0.8,"median","qi"
"Cyprus",22.1485648125407,0.0340695071100727,0.0295871393094195,0.0387576141531079,0.8,"median","qi"
"Cyprus",22.2082884550918,0.0338841232820507,0.0294044689473229,0.0385725010333549,0.8,"median","qi"
"Cyprus",22.2680120976429,0.0337054445394406,0.0291859632883151,0.038445369068963,0.8,"median","qi"
"Cyprus",22.3277357401939,0.0335086037162493,0.0289922331540192,0.0383079983222896,0.8,"median","qi"
"Cyprus",22.387459382745,0.0333543514931776,0.0288039256748209,0.0381690225606142,0.8,"median","qi"
"Cyprus",22.447183025296,0.0331512271297389,0.0286147932224278,0.0380800694362793,0.8,"median","qi"
"Cyprus",22.5069066678471,0.0330041193442332,0.0284183501537151,0.0379446970822746,0.8,"median","qi"
"Cyprus",22.5666303103981,0.0328121856868489,0.0282139436959832,0.0378175302828385,0.8,"median","qi"
"Cyprus",22.6263539529492,0.032674779956249,0.0279977435306714,0.0377062425922618,0.8,"median","qi"
"Cyprus",22.6860775955002,0.032522255517387,0.0278065058290142,0.0375755985839734,0.8,"median","qi"
"Cyprus",22.7458012380513,0.0323600125184016,0.0276192797408932,0.0374021745351367,0.8,"median","qi"
"Cyprus",22.8055248806023,0.0322438401194407,0.0273907307486687,0.0372467204954019,0.8,"median","qi"
"Cyprus",22.8652485231534,0.032083796619517,0.0272323033646691,0.037125067490477,0.8,"median","qi"
"Cyprus",22.9249721657044,0.031889900224684,0.0270653758146841,0.0370040250602573,0.8,"median","qi"
"Cyprus",22.9846958082555,0.0317025238327535,0.0268430605715191,0.0368820727538376,0.8,"median","qi"
"Cyprus",23.0444194508065,0.0315294322598229,0.026638023987205,0.036763135246012,0.8,"median","qi"
"Cyprus",23.1041430933576,0.0313172263722649,0.0264072705624274,0.0365403276440607,0.8,"median","qi"
"Cyprus",23.1638667359087,0.0311161480883817,0.0261399264339584,0.0363807958943181,0.8,"median","qi"
"Cyprus",23.2235903784597,0.0308937393460623,0.0259064538371023,0.0362046757122589,0.8,"median","qi"
"Cyprus",23.2833140210108,0.0307005868938579,0.0256392031595308,0.0360442570083668,0.8,"median","qi"
"Cyprus",23.3430376635618,0.0304580070632938,0.0253559519020215,0.0358654693181696,0.8,"median","qi"
"Cyprus",23.4027613061129,0.0301979588086023,0.0251384837653363,0.0356634931718443,0.8,"median","qi"
"Cyprus",23.4624849486639,0.0299358227966839,0.0249365537939141,0.0353953235359253,0.8,"median","qi"
"Cyprus",23.522208591215,0.029711278357891,0.024705796997933,0.0351610529759227,0.8,"median","qi"
"Cyprus",23.581932233766,0.0294617495086282,0.0244486913377886,0.0348944700550818,0.8,"median","qi"
"Cyprus",23.6416558763171,0.0291503390461375,0.0241619867204394,0.0346026201440448,0.8,"median","qi"
"Cyprus",23.7013795188681,0.028904989968779,0.0238966103018016,0.0343423886259318,0.8,"median","qi"
"Cyprus",23.7611031614192,0.0286186954291807,0.0235719467237351,0.0340821021264528,0.8,"median","qi"
"Cyprus",23.8208268039702,0.0283148519386356,0.0232753460810527,0.033807449043932,0.8,"median","qi"
"Cyprus",23.8805504465213,0.0280359556389051,0.0230511551681959,0.0334836564357363,0.8,"median","qi"
"Cyprus",23.9402740890723,0.0277192880691317,0.0227917362521825,0.0332147186557042,0.8,"median","qi"
"Cyprus",23.9999977316234,0.027385261398557,0.0224718698526504,0.0329067847058228,0.8,"median","qi"
"Cyprus",24.0597213741745,0.0270481905624817,0.0221689943657087,0.0325252770526914,0.8,"median","qi"
"Cyprus",24.1194450167255,0.0267348462274949,0.0218707166440842,0.0322371758119478,0.8,"median","qi"
"Cyprus",24.1791686592766,0.02639294435332,0.0216010464208084,0.031914941563132,0.8,"median","qi"
"Cyprus",24.2388923018276,0.0260795327635184,0.0212877197718696,0.0315948891186765,0.8,"median","qi"
"Cyprus",24.2986159443787,0.0257870176343279,0.0209690622199697,0.0312358602305833,0.8,"median","qi"
"Cyprus",24.3583395869297,0.0254415685940279,0.0206873169952282,0.0308811932506866,0.8,"median","qi"
"Cyprus",24.4180632294808,0.025149507061789,0.0203323695906375,0.0305047404589162,0.8,"median","qi"
"Cyprus",24.4777868720318,0.0248467906795998,0.0200048157048896,0.0301456925552697,0.8,"median","qi"
"Cyprus",24.5375105145829,0.0245592143016237,0.0197085631002448,0.0298261968676208,0.8,"median","qi"
"Cyprus",24.5972341571339,0.0242594103727165,0.0194221863107443,0.0295120336955019,0.8,"median","qi"
"Cyprus",24.656957799685,0.0239818357993851,0.0191498862551038,0.0291944282605217,0.8,"median","qi"
"Cyprus",24.716681442236,0.0237135400933113,0.0188530828308699,0.0289234643969569,0.8,"median","qi"
"Cyprus",24.7764050847871,0.0234490843180424,0.0186116942102555,0.0286248902995522,0.8,"median","qi"
"Cyprus",24.8361287273381,0.0232155008725214,0.018404408718472,0.0283761512726505,0.8,"median","qi"
"Cyprus",24.8958523698892,0.0229468993452279,0.0181694321650632,0.0280904169483446,0.8,"median","qi"
"Cyprus",24.9555760124403,0.0227002804556816,0.0179644151199112,0.027813025955853,0.8,"median","qi"
"Cyprus",25.0152996549913,0.0224955552837767,0.0177463827000574,0.0275696025298989,0.8,"median","qi"
"Cyprus",25.0750232975424,0.0222564322480111,0.0175614747139179,0.0273282510360289,0.8,"median","qi"
"Cyprus",25.1347469400934,0.0220863246624804,0.0173846185197409,0.0270675889970745,0.8,"median","qi"
"Cyprus",25.1944705826445,0.0219122745125883,0.0172513904084567,0.0268394266228019,0.8,"median","qi"
"Cyprus",25.2541942251955,0.0217560919387962,0.0171669447797747,0.0265976500769506,0.8,"median","qi"
"Cyprus",25.3139178677466,0.0215955735092826,0.0170233198975464,0.0263855108795989,0.8,"median","qi"
"Cyprus",25.3736415102976,0.0214403135215791,0.0169431393746569,0.0261927696178846,0.8,"median","qi"
"Cyprus",25.4333651528487,0.0213164965326561,0.0168779032827208,0.0259612673909769,0.8,"median","qi"
"Cyprus",25.4930887953997,0.0211809524096629,0.0168454284932979,0.0257759353170659,0.8,"median","qi"
"Cyprus",25.5528124379508,0.0211109264112279,0.0168234416997947,0.0256585256234285,0.8,"median","qi"
"Cyprus",25.6125360805018,0.0210164090259552,0.0167898900573541,0.0255212813529748,0.8,"median","qi"
"Cyprus",25.6722597230529,0.0209749780031605,0.0167996021534201,0.0253846019558196,0.8,"median","qi"
"Cyprus",25.731983365604,0.0209121306583142,0.0168051857648052,0.0252744522125209,0.8,"median","qi"
"Cyprus",25.791707008155,0.0208741673733337,0.0168644463768377,0.0252058054417034,0.8,"median","qi"
"Cyprus",25.8514306507061,0.0208461279267944,0.0169814039154436,0.0251008662176795,0.8,"median","qi"
"Cyprus",25.9111542932571,0.0208310267475152,0.0170069462684381,0.0250463954905673,0.8,"median","qi"
"Cyprus",25.9708779358082,0.020841043423555,0.0170117493639506,0.0249873591802805,0.8,"median","qi"
"Cyprus",26.0306015783592,0.0208868931646117,0.0170491444179027,0.0249400505543824,0.8,"median","qi"
"Cyprus",26.0903252209103,0.0208716155277298,0.0171192451778663,0.0249220269460045,0.8,"median","qi"
"Cyprus",26.1500488634613,0.0208799958326785,0.0172002867693445,0.0248694367846156,0.8,"median","qi"
"Cyprus",26.2097725060124,0.0208941958929653,0.0172844184848852,0.0248432686612411,0.8,"median","qi"
"Cyprus",26.2694961485634,0.0209524133134526,0.0174043743478638,0.0247928443203417,0.8,"median","qi"
"Cyprus",26.3292197911145,0.0209904390186596,0.0175149868587514,0.0247541785684198,0.8,"median","qi"
"Cyprus",26.3889434336655,0.0210271237090892,0.017612669850618,0.0246939452304379,0.8,"median","qi"
"Cyprus",26.4486670762166,0.0211034490628999,0.0176803019505166,0.0246651174116373,0.8,"median","qi"
"Cyprus",26.5083907187677,0.0211344467442919,0.0178031004437451,0.0247148472249737,0.8,"median","qi"
"Cyprus",26.5681143613187,0.0212079182591391,0.0178639702891191,0.0247592870172786,0.8,"median","qi"
"Cyprus",26.6278380038698,0.0212380529063457,0.0179697719715762,0.0247755269231794,0.8,"median","qi"
"Cyprus",26.6875616464208,0.0213092841903004,0.0180284933216851,0.0247789142599305,0.8,"median","qi"
"Cyprus",26.7472852889719,0.0213742367225639,0.0181336087242733,0.0247772725007984,0.8,"median","qi"
"Cyprus",26.8070089315229,0.0214387954080289,0.0181970732994974,0.0248260126818866,0.8,"median","qi"
"Cyprus",26.866732574074,0.0215140444370702,0.0182396705051937,0.0248683793199097,0.8,"median","qi"
"Cyprus",26.926456216625,0.0215485872988663,0.0183015031971082,0.0248755860649671,0.8,"median","qi"
"Cyprus",26.9861798591761,0.0216065797954554,0.0183772151920137,0.0249153337768792,0.8,"median","qi"
"Cyprus",27.0459035017271,0.0216679185198401,0.0184829090568162,0.0249236287131216,0.8,"median","qi"
"Cyprus",27.1056271442782,0.0217164412692909,0.0185471463736093,0.02490101793924,0.8,"median","qi"
"Cyprus",27.1653507868292,0.0217520632431496,0.0186735515590722,0.024914232945391,0.8,"median","qi"
"Cyprus",27.2250744293803,0.0218083059449006,0.0187539048344205,0.0248882059077718,0.8,"median","qi"
"Cyprus",27.2847980719313,0.0218191711135022,0.0188387505623928,0.0248379724994319,0.8,"median","qi"
"Cyprus",27.3445217144824,0.0218378524059279,0.0188883140853159,0.0248244211447625,0.8,"median","qi"
"Cyprus",27.4042453570334,0.0218690354097521,0.0189361859109607,0.0247859737901013,0.8,"median","qi"
"Cyprus",27.4639689995845,0.0218732829551684,0.0190100372830963,0.0247558643351983,0.8,"median","qi"
"Cyprus",27.5236926421356,0.0218706742771188,0.0190084550256114,0.024702906637787,0.8,"median","qi"
"Cyprus",27.5834162846866,0.0218674642911128,0.0190287682597717,0.0246820329857056,0.8,"median","qi"
"Cyprus",27.6431399272377,0.0218962005703513,0.0190758352707148,0.024633574928625,0.8,"median","qi"
"Cyprus",27.7028635697887,0.0218810846767491,0.01913102133977,0.0245922941523303,0.8,"median","qi"
"Cyprus",27.7625872123398,0.0218836897959199,0.0191590284642393,0.0245989527113451,0.8,"median","qi"
"Cyprus",27.8223108548908,0.0218729576455903,0.0191765420605836,0.0245152721504824,0.8,"median","qi"
"Cyprus",27.8820344974419,0.0218365934612857,0.0192015904936275,0.0244633376643466,0.8,"median","qi"
"Cyprus",27.9417581399929,0.0217769766009732,0.01917155549602,0.02443523077655,0.8,"median","qi"
"Cyprus",28.001481782544,0.0217737289209963,0.0191176417069099,0.0244786348074291,0.8,"median","qi"
"Cyprus",28.061205425095,0.0217435403922488,0.0190746976839252,0.0244783476326859,0.8,"median","qi"
"Cyprus",28.1209290676461,0.021720014500499,0.0190354856421711,0.0244569475077218,0.8,"median","qi"
"Cyprus",28.1806527101971,0.0216780135158251,0.0189734449952952,0.0244860097606334,0.8,"median","qi"
"Cyprus",28.2403763527482,0.0216557828300645,0.0189114559784559,0.0244866347406935,0.8,"median","qi"
"Cyprus",28.3000999952993,0.0216408614819153,0.0188341225586376,0.0244869333809062,0.8,"median","qi"
"Cyprus",28.3598236378503,0.0216357549326913,0.0187109690916593,0.0245049496992982,0.8,"median","qi"
"Cyprus",28.4195472804014,0.0215981232404266,0.018558235887868,0.0245783471564001,0.8,"median","qi"
"Cyprus",28.4792709229524,0.021544912383717,0.0184246888012287,0.0246056461120801,0.8,"median","qi"
"Cyprus",28.5389945655035,0.0214965826201918,0.0182501682201473,0.0247119402774611,0.8,"median","qi"
"Cyprus",28.5987182080545,0.0214638791440998,0.0180894243687719,0.0248012500264691,0.8,"median","qi"
"Cyprus",28.6584418506056,0.0214338567297218,0.0179054179893075,0.0249156339713302,0.8,"median","qi"
"Cyprus",28.7181654931566,0.0214157555999751,0.0177249793068265,0.0249546084374397,0.8,"median","qi"
"Lyon",12.8465012682167,0.231355319158021,0.161981017526305,0.289997371425614,0.8,"median","qi"
"Lyon",12.9118939064062,0.227351594073632,0.161211676241395,0.284188392488867,0.8,"median","qi"
"Lyon",12.9772865445957,0.223349825575779,0.160550404469129,0.278058553349479,0.8,"median","qi"
"Lyon",13.0426791827851,0.219020794690551,0.159691378947408,0.272384289842642,0.8,"median","qi"
"Lyon",13.1080718209746,0.215056943552449,0.158829499626877,0.266791942401461,0.8,"median","qi"
"Lyon",13.1734644591641,0.211233061799319,0.157904362311223,0.261364699311958,0.8,"median","qi"
"Lyon",13.2388570973535,0.207266960478974,0.156924263952377,0.256228120185152,0.8,"median","qi"
"Lyon",13.304249735543,0.203086968973897,0.156408839621503,0.250329255806039,0.8,"median","qi"
"Lyon",13.3696423737324,0.199802894377128,0.155384694935325,0.2447300747502,0.8,"median","qi"
"Lyon",13.4350350119219,0.196183390448095,0.153941207411375,0.239478565279497,0.8,"median","qi"
"Lyon",13.5004276501114,0.192759883452775,0.15291714660808,0.234198338540584,0.8,"median","qi"
"Lyon",13.5658202883008,0.189436868211678,0.151389762185994,0.228783134993309,0.8,"median","qi"
"Lyon",13.6312129264903,0.186167440117266,0.150432418346806,0.223946671816113,0.8,"median","qi"
"Lyon",13.6966055646798,0.182689404262016,0.149268871285968,0.218741668147654,0.8,"median","qi"
"Lyon",13.7619982028692,0.180154627509238,0.147946768994612,0.214099692407192,0.8,"median","qi"
"Lyon",13.8273908410587,0.177512312686542,0.146780667076389,0.209389865245744,0.8,"median","qi"
"Lyon",13.8927834792481,0.174617575834149,0.145813871200897,0.205417972261526,0.8,"median","qi"
"Lyon",13.9581761174376,0.172114667254423,0.144457358656893,0.201581635869431,0.8,"median","qi"
"Lyon",14.0235687556271,0.169738204340332,0.143260697851807,0.19812554270792,0.8,"median","qi"
"Lyon",14.0889613938165,0.167515699043376,0.142037488162169,0.194914667828721,0.8,"median","qi"
"Lyon",14.154354032006,0.165673613538491,0.140703936474786,0.191700698403248,0.8,"median","qi"
"Lyon",14.2197466701955,0.163870678597229,0.139380164879089,0.18835753327098,0.8,"median","qi"
"Lyon",14.2851393083849,0.162156048679873,0.137771866273691,0.185159608281423,0.8,"median","qi"
"Lyon",14.3505319465744,0.160369924039025,0.136160822156937,0.18227758325401,0.8,"median","qi"
"Lyon",14.4159245847639,0.158620735503357,0.135054023902714,0.179596665364018,0.8,"median","qi"
"Lyon",14.4813172229533,0.156902925311537,0.133699215107686,0.177524963045535,0.8,"median","qi"
"Lyon",14.5467098611428,0.155506316480392,0.132845979419029,0.175446717988117,0.8,"median","qi"
"Lyon",14.6121024993322,0.154237615503443,0.131870553513192,0.173518566910601,0.8,"median","qi"
"Lyon",14.6774951375217,0.153120328876239,0.13071053790076,0.17154032251809,0.8,"median","qi"
"Lyon",14.7428877757112,0.151970126281995,0.129777720216217,0.169928172108193,0.8,"median","qi"
"Lyon",14.8082804139006,0.150919559856134,0.129221692749596,0.168421390799778,0.8,"median","qi"
"Lyon",14.8736730520901,0.149988991693751,0.128858504328082,0.167045807973779,0.8,"median","qi"
"Lyon",14.9390656902796,0.149196029284694,0.128835193583568,0.165548614461324,0.8,"median","qi"
"Lyon",15.004458328469,0.148412167505892,0.12876665695027,0.164318395479215,0.8,"median","qi"
"Lyon",15.0698509666585,0.147681048914753,0.128453042756147,0.16313952286312,0.8,"median","qi"
"Lyon",15.1352436048479,0.147095282466009,0.128621149156861,0.16198784011853,0.8,"median","qi"
"Lyon",15.2006362430374,0.146605422150271,0.128736505328399,0.160775824471344,0.8,"median","qi"
"Lyon",15.2660288812269,0.146117542375307,0.128930816447377,0.159726254665103,0.8,"median","qi"
"Lyon",15.3314215194163,0.145786099315987,0.128824772911453,0.158887148425692,0.8,"median","qi"
"Lyon",15.3968141576058,0.145359845466998,0.1288959525198,0.157965011364913,0.8,"median","qi"
"Lyon",15.4622067957953,0.145124788066888,0.129115729541942,0.157090900685751,0.8,"median","qi"
"Lyon",15.5275994339847,0.144949587852758,0.129393817758212,0.156291710417463,0.8,"median","qi"
"Lyon",15.5929920721742,0.144748764463155,0.129546653122064,0.155551631922874,0.8,"median","qi"
"Lyon",15.6583847103636,0.144444547828797,0.129787137546128,0.154732800980773,0.8,"median","qi"
"Lyon",15.7237773485531,0.144149268403458,0.130027972134264,0.154237526956193,0.8,"median","qi"
"Lyon",15.7891699867426,0.143850035414065,0.129741550127689,0.154035624962057,0.8,"median","qi"
"Lyon",15.854562624932,0.143645783709714,0.129854946218181,0.153631231802997,0.8,"median","qi"
"Lyon",15.9199552631215,0.143361025141952,0.129934820310596,0.153118739659851,0.8,"median","qi"
"Lyon",15.985347901311,0.142992520717989,0.130156022201074,0.152839307709247,0.8,"median","qi"
"Lyon",16.0507405395004,0.142619081303949,0.129839941068789,0.152451060687203,0.8,"median","qi"
"Lyon",16.1161331776899,0.142180943119743,0.129492046367663,0.152185945961599,0.8,"median","qi"
"Lyon",16.1815258158793,0.141884011886364,0.129100800945252,0.152000610419123,0.8,"median","qi"
"Lyon",16.2469184540688,0.14159881785665,0.12884898718829,0.151611647631771,0.8,"median","qi"
"Lyon",16.3123110922583,0.141160155814045,0.128435793573336,0.151173044266944,0.8,"median","qi"
"Lyon",16.3777037304477,0.140631515641228,0.128049295032252,0.150691452026685,0.8,"median","qi"
"Lyon",16.4430963686372,0.140155020378207,0.127429695108469,0.150120295633299,0.8,"median","qi"
"Lyon",16.5084890068267,0.139637575461091,0.126743654104008,0.149504474068419,0.8,"median","qi"
"Lyon",16.5738816450161,0.139111003375572,0.126037874487994,0.148975694349416,0.8,"median","qi"
"Lyon",16.6392742832056,0.138459049621541,0.125214625661029,0.148220821191545,0.8,"median","qi"
"Lyon",16.704666921395,0.137752819615467,0.124508561571234,0.147380589572964,0.8,"median","qi"
"Lyon",16.7700595595845,0.137010103740171,0.123748894726374,0.146469172600113,0.8,"median","qi"
"Lyon",16.835452197774,0.136142503651865,0.122970395058677,0.145520546968832,0.8,"median","qi"
"Lyon",16.9008448359634,0.135229757561322,0.122068753867706,0.144492951076731,0.8,"median","qi"
"Lyon",16.9662374741529,0.134253239922529,0.121238333281292,0.143364949278209,0.8,"median","qi"
"Lyon",17.0316301123424,0.133119108670451,0.120321947710596,0.142280473963057,0.8,"median","qi"
"Lyon",17.0970227505318,0.131959058021126,0.119452056173619,0.141050957427628,0.8,"median","qi"
"Lyon",17.1624153887213,0.130650900597579,0.118701314507079,0.13965098363725,0.8,"median","qi"
"Lyon",17.2278080269108,0.129400993512201,0.117734126235134,0.138564100746047,0.8,"median","qi"
"Lyon",17.2932006651002,0.128149194492532,0.116741731638933,0.13720001848385,0.8,"median","qi"
"Lyon",17.3585933032897,0.126763362479126,0.1155397756774,0.135798660794337,0.8,"median","qi"
"Lyon",17.4239859414791,0.125255162950308,0.114344872878845,0.134373054268217,0.8,"median","qi"
"Lyon",17.4893785796686,0.123788219593679,0.113086961299323,0.13285894371842,0.8,"median","qi"
"Lyon",17.5547712178581,0.122273435374274,0.111915719878943,0.131290691483381,0.8,"median","qi"
"Lyon",17.6201638560475,0.120647282164414,0.110570174011937,0.129773835048808,0.8,"median","qi"
"Lyon",17.685556494237,0.11909049135874,0.109372030607773,0.128146383745494,0.8,"median","qi"
"Lyon",17.7509491324265,0.117474808775413,0.107846203566841,0.126617882993313,0.8,"median","qi"
"Lyon",17.8163417706159,0.115885404861229,0.106243390249331,0.125255426384367,0.8,"median","qi"
"Lyon",17.8817344088054,0.11425332638851,0.10468771983489,0.123869262945143,0.8,"median","qi"
"Lyon",17.9471270469948,0.112640153470771,0.103202148964111,0.122409082531321,0.8,"median","qi"
"Lyon",18.0125196851843,0.111053976158213,0.101840394894168,0.121046764609598,0.8,"median","qi"
"Lyon",18.0779123233738,0.10963918089124,0.100347221467248,0.119725498463454,0.8,"median","qi"
"Lyon",18.1433049615632,0.108043404179942,0.0989060955612955,0.118254006441045,0.8,"median","qi"
"Lyon",18.2086975997527,0.106539584286416,0.097297824875506,0.116769969758588,0.8,"median","qi"
"Lyon",18.2740902379422,0.105056119247403,0.095849097642515,0.115467463465678,0.8,"median","qi"
"Lyon",18.3394828761316,0.10361228447732,0.0943820237838885,0.11414271345639,0.8,"median","qi"
"Lyon",18.4048755143211,0.102255436139372,0.0928301537118,0.112830732547656,0.8,"median","qi"
"Lyon",18.4702681525105,0.10093642182506,0.0913614027204635,0.111597723305826,0.8,"median","qi"
"Lyon",18.5356607907,0.0995773206327001,0.0899774440831047,0.110282793909345,0.8,"median","qi"
"Lyon",18.6010534288895,0.0983707728776136,0.088767406542775,0.109178273723828,0.8,"median","qi"
"Lyon",18.6664460670789,0.0971427495962938,0.0875380582989708,0.108221477027198,0.8,"median","qi"
"Lyon",18.7318387052684,0.0960211954045787,0.0863647119903373,0.107235274498709,0.8,"median","qi"
"Lyon",18.7972313434579,0.0950190550887095,0.0852791421353346,0.106149840528826,0.8,"median","qi"
"Lyon",18.8626239816473,0.0939152769207991,0.0842146783261693,0.105140144146626,0.8,"median","qi"
"Lyon",18.9280166198368,0.0929688272591721,0.0831308031676336,0.104023721022484,0.8,"median","qi"
"Lyon",18.9934092580263,0.0919643884262361,0.082111375314148,0.103234364553858,0.8,"median","qi"
"Lyon",19.0588018962157,0.0910803985694039,0.0810842001505497,0.10248780955783,0.8,"median","qi"
"Lyon",19.1241945344052,0.0903539235265675,0.0801830543935465,0.101632882821068,0.8,"median","qi"
"Lyon",19.1895871725946,0.0895011558605437,0.0794331245335708,0.100740701359785,0.8,"median","qi"
"Lyon",19.2549798107841,0.0888038892780163,0.0785585082950651,0.0998408931154405,0.8,"median","qi"
"Lyon",19.3203724489736,0.0881403818691859,0.0778450433992653,0.0991414127861549,0.8,"median","qi"
"Lyon",19.385765087163,0.08741735889204,0.0773344410190168,0.0984619278737442,0.8,"median","qi"
"Lyon",19.4511577253525,0.0869739277341088,0.0765950517822201,0.0977356938110224,0.8,"median","qi"
"Lyon",19.516550363542,0.0865033751834565,0.0759659321824692,0.0972127210195239,0.8,"median","qi"
"Lyon",19.5819430017314,0.0860290095962053,0.0754458361386258,0.0967384612986102,0.8,"median","qi"
"Lyon",19.6473356399209,0.085658828495182,0.0749284238203033,0.0962560088864825,0.8,"median","qi"
"Lyon",19.7127282781103,0.0852271966679762,0.0743465796070906,0.0957851247536054,0.8,"median","qi"
"Lyon",19.7781209162998,0.0848594556117784,0.0738541664511117,0.0954520989770574,0.8,"median","qi"
"Lyon",19.8435135544893,0.0844203179678653,0.0733731234193656,0.0951266150800292,0.8,"median","qi"
"Lyon",19.9089061926787,0.0840610852689224,0.0728728658124263,0.0949212117455288,0.8,"median","qi"
"Lyon",19.9742988308682,0.0837295122105267,0.0724313450723918,0.0946780923292771,0.8,"median","qi"
"Lyon",20.0396914690577,0.0834353717070377,0.072122224798044,0.0943540404368727,0.8,"median","qi"
"Lyon",20.1050841072471,0.0830663931912586,0.0718356291280524,0.0942651220718891,0.8,"median","qi"
"Lyon",20.1704767454366,0.0827042702207297,0.0714458481050873,0.0941527880309621,0.8,"median","qi"
"Lyon",20.235869383626,0.0824631433455818,0.0710597756470292,0.094003481475129,0.8,"median","qi"
"Lyon",20.3012620218155,0.0821193777591541,0.0708433440260268,0.0937377247318854,0.8,"median","qi"
"Lyon",20.366654660005,0.0817990152153022,0.0705071651696157,0.0938126281510724,0.8,"median","qi"
"Lyon",20.4320472981944,0.0815527016992439,0.0701738236409803,0.0936846033723161,0.8,"median","qi"
"Lyon",20.4974399363839,0.0811975798511955,0.0696408269254611,0.0935716367802752,0.8,"median","qi"
"Lyon",20.5628325745734,0.0808602705878894,0.0690437659588916,0.0933721787316192,0.8,"median","qi"
"Lyon",20.6282252127628,0.0804946352241844,0.0685647955647888,0.093265224683511,0.8,"median","qi"
"Lyon",20.6936178509523,0.0801858586200545,0.0680675801790988,0.0931351257585644,0.8,"median","qi"
"Lyon",20.7590104891417,0.0797741237911188,0.0675308333850224,0.0931151967152646,0.8,"median","qi"
"Lyon",20.8244031273312,0.079405072249702,0.0668858119526342,0.0928744479342247,0.8,"median","qi"
"Lyon",20.8897957655207,0.0788893172333931,0.0663707716681574,0.0924837117324342,0.8,"median","qi"
"Lyon",20.9551884037101,0.0785555728982984,0.0656804421672255,0.0921312658308821,0.8,"median","qi"
"Lyon",21.0205810418996,0.0781539757467447,0.0650463149969945,0.0917595421985667,0.8,"median","qi"
"Lyon",21.0859736800891,0.077749704704159,0.064343723498274,0.0914173452441199,0.8,"median","qi"
"Lyon",21.1513663182785,0.0772721695369856,0.0636920200491527,0.0911888676661126,0.8,"median","qi"
"Lyon",21.216758956468,0.0767312488329508,0.063034406909535,0.0906673582078923,0.8,"median","qi"
"Lyon",21.2821515946574,0.0761124741592082,0.0624318245911829,0.0903527059864175,0.8,"median","qi"
"Lyon",21.3475442328469,0.0755471263223372,0.0618138876119888,0.0897680167546278,0.8,"median","qi"
"Lyon",21.4129368710364,0.0748607903316671,0.0610259716603326,0.0890931449898728,0.8,"median","qi"
"Lyon",21.4783295092258,0.0742113062442175,0.0604097713337524,0.08844466305737,0.8,"median","qi"
"Lyon",21.5437221474153,0.0735351155787762,0.0596610376101034,0.0876712796676287,0.8,"median","qi"
"Lyon",21.6091147856048,0.0727934651226894,0.058910464041955,0.0869589762374706,0.8,"median","qi"
"Lyon",21.6745074237942,0.0720700013119912,0.0582394356956748,0.08616708099999,0.8,"median","qi"
"Lyon",21.7399000619837,0.0712611010946547,0.0575269077572965,0.0851629963389465,0.8,"median","qi"
"Lyon",21.8052927001732,0.0704925800562971,0.0568948704989751,0.0843361940329139,0.8,"median","qi"
"Lyon",21.8706853383626,0.0695776218139119,0.0560490139374131,0.0834269439446425,0.8,"median","qi"
"Lyon",21.9360779765521,0.0687386052005193,0.0553660637049841,0.0823297658096942,0.8,"median","qi"
"Lyon",22.0014706147415,0.0678305877138151,0.0546043807448256,0.0812696247754674,0.8,"median","qi"
"Lyon",22.066863252931,0.0668747017953856,0.0540296289556999,0.0802526120630493,0.8,"median","qi"
"Lyon",22.1322558911205,0.066096022324329,0.0530926113842635,0.079219263859174,0.8,"median","qi"
"Lyon",22.1976485293099,0.0651386348528423,0.0521635804437749,0.0781951178465289,0.8,"median","qi"
"Lyon",22.2630411674994,0.064172517565643,0.051285884672696,0.0771658161996476,0.8,"median","qi"
"Lyon",22.3284338056889,0.0632259320974779,0.050497273203819,0.0760169574034211,0.8,"median","qi"
"Lyon",22.3938264438783,0.0622288734259332,0.049788836590832,0.075059226746912,0.8,"median","qi"
"Lyon",22.4592190820678,0.0612612537573207,0.0489670513879999,0.0739780142795401,0.8,"median","qi"
"Lyon",22.5246117202572,0.0602765279102423,0.0481698078110151,0.0729483729459282,0.8,"median","qi"
"Lyon",22.5900043584467,0.0593449757131018,0.0471331825973674,0.0718760100497156,0.8,"median","qi"
"Lyon",22.6553969966362,0.0584311013350668,0.0461262484312901,0.0707644770961163,0.8,"median","qi"
"Lyon",22.7207896348256,0.057530918720046,0.0450838745188212,0.0697866027256577,0.8,"median","qi"
"Lyon",22.7861822730151,0.0566487501954287,0.0441439651784239,0.0687338229544099,0.8,"median","qi"
"Lyon",22.8515749112046,0.0556369261048796,0.0432018992637341,0.0677265170105134,0.8,"median","qi"
"Lyon",22.916967549394,0.0546679874905593,0.0423250624130584,0.0667215266995212,0.8,"median","qi"
"Lyon",22.9823601875835,0.0536908616578123,0.0414438583566657,0.0656879671580197,0.8,"median","qi"
"Lyon",23.0477528257729,0.0527868209683551,0.0404410469396779,0.0646580228166964,0.8,"median","qi"
"Lyon",23.1131454639624,0.0518683921069068,0.0395577916787175,0.0636616583900111,0.8,"median","qi"
"Lyon",23.1785381021519,0.0510129786253749,0.0388156430381821,0.0626868335015985,0.8,"median","qi"
"Lyon",23.2439307403413,0.0501390554049619,0.0379691138605926,0.0617856596709318,0.8,"median","qi"
"Lyon",23.3093233785308,0.0493316144296544,0.037282329621008,0.0610586591585423,0.8,"median","qi"
"Lyon",23.3747160167203,0.0484891645821463,0.0363681902622839,0.0601433241273874,0.8,"median","qi"
"Lyon",23.4401086549097,0.0477454888722003,0.0356266813508621,0.0592423451728771,0.8,"median","qi"
"Lyon",23.5055012930992,0.0468887184370856,0.0347125060740024,0.0582172663257796,0.8,"median","qi"
"Lyon",23.5708939312887,0.0461602990786331,0.0339291441259372,0.0574115094626934,0.8,"median","qi"
"Lyon",23.6362865694781,0.0454328419667629,0.0331986398350841,0.0567163756866067,0.8,"median","qi"
"Lyon",23.7016792076676,0.0446830767315048,0.032556020634111,0.056037493673056,0.8,"median","qi"
"Lyon",23.767071845857,0.0439816271907974,0.0318574254596344,0.0553734899930238,0.8,"median","qi"
"Lyon",23.8324644840465,0.0432036092559208,0.0311213923887534,0.054816707929207,0.8,"median","qi"
"Lyon",23.897857122236,0.0424701891511947,0.030563274235719,0.0540887742367194,0.8,"median","qi"
"Lyon",23.9632497604254,0.0418847059396661,0.0298332564197003,0.0533854084900293,0.8,"median","qi"
"Lyon",24.0286423986149,0.0412063638717264,0.0291428690540441,0.0529221043837489,0.8,"median","qi"
"Lyon",24.0940350368043,0.0405930922664519,0.0284380839037652,0.0523118878162335,0.8,"median","qi"
"Lyon",24.1594276749938,0.0400597917397469,0.0277672102828532,0.0517766424276786,0.8,"median","qi"
"Lyon",24.2248203131833,0.0394488458268931,0.0271605432972404,0.0512406282976328,0.8,"median","qi"
"Lyon",24.2902129513727,0.0389295692939289,0.0265070548329432,0.0508638691119336,0.8,"median","qi"
"Lyon",24.3556055895622,0.0383407282731778,0.0259446282064494,0.0503908463577977,0.8,"median","qi"
"Lyon",24.4209982277517,0.0378477593516534,0.0254440286906375,0.0498895623252878,0.8,"median","qi"
"Lyon",24.4863908659411,0.037385255124588,0.0248172645076097,0.0494309354428864,0.8,"median","qi"
"Lyon",24.5517835041306,0.0368483643855977,0.0243355615241188,0.0491511757526567,0.8,"median","qi"
"Lyon",24.6171761423201,0.0363981326022216,0.0238498529549855,0.0488125105250159,0.8,"median","qi"
"Lyon",24.6825687805095,0.0359635124671711,0.0234111537396692,0.0483981114000344,0.8,"median","qi"
"Lyon",24.747961418699,0.0355334607360026,0.0229094529921763,0.0479630817541506,0.8,"median","qi"
"Lyon",24.8133540568884,0.0351145912116444,0.0224295240087463,0.047615578548771,0.8,"median","qi"
"Lyon",24.8787466950779,0.0346680247071649,0.0219954417835702,0.0472420730996669,0.8,"median","qi"
"Lyon",24.9441393332674,0.0342641125217147,0.0214142281766623,0.0469121915802187,0.8,"median","qi"
"Lyon",25.0095319714568,0.0338948661933376,0.0209978872773705,0.0465846791265616,0.8,"median","qi"
"Lyon",25.0749246096463,0.0335148112363882,0.0204641944082505,0.0463049219813884,0.8,"median","qi"
"Lyon",25.1403172478358,0.0331522115401664,0.0201430917678883,0.0460221261205963,0.8,"median","qi"
"Lyon",25.2057098860252,0.0327766652443325,0.0197720272835595,0.0456990378700232,0.8,"median","qi"
"Lyon",25.2711025242147,0.0323730985732303,0.0192808004618531,0.0453715124371365,0.8,"median","qi"
"Lyon",25.3364951624041,0.0320230770057658,0.0187869093874945,0.0451668784258083,0.8,"median","qi"
"Lyon",25.4018878005936,0.0316926467179117,0.0183694702313272,0.0449343640993333,0.8,"median","qi"
"Lyon",25.4672804387831,0.03135948247453,0.0178837577954683,0.0447880942364116,0.8,"median","qi"
"Lyon",25.5326730769725,0.0309196999811204,0.0174670579352226,0.0447724841019461,0.8,"median","qi"
"Lyon",25.598065715162,0.0305711630970936,0.017038006922376,0.0445966473273612,0.8,"median","qi"
"Lyon",25.6634583533515,0.0301530602501374,0.0164206140110191,0.0444037456070179,0.8,"median","qi"
"Lyon",25.7288509915409,0.0297759926025948,0.0157877754067357,0.0441472629196027,0.8,"median","qi"
"Lyon",25.7942436297304,0.0293964321654887,0.0151940811533714,0.04402138616142,0.8,"median","qi"
"Lyon",25.8596362679198,0.0289160948794151,0.0144729725582132,0.0438430411860254,0.8,"median","qi"
