"Estimate","Est.Error","Q2.5","Q97.5","Box","SST","N_P","sum_Nutri","MLD","metrics"
0.98609644291775,0.226396336927764,0.839177805215504,1.16609957791415,"Adriatic",18.9592599490455,118.98951052207,0.301371644638791,61.5884941875791,"GeoMean_Chla"
0.980998633676818,0.220156005828941,0.838090021849275,1.15507218863542,"Adriatic",18.9592599490455,118.98951052207,0.315485348787502,61.5884941875791,"GeoMean_Chla"
0.975927824946795,0.214270465039831,0.837371114541604,1.14442652638732,"Adriatic",18.9592599490455,118.98951052207,0.329599052936214,61.5884941875791,"GeoMean_Chla"
0.970885444138253,0.208771954610585,0.836106786139117,1.13286447226505,"Adriatic",18.9592599490455,118.98951052207,0.343712757084925,61.5884941875791,"GeoMean_Chla"
0.965873503276212,0.20368665076478,0.834828805433318,1.12382513268961,"Adriatic",18.9592599490455,118.98951052207,0.357826461233636,61.5884941875791,"GeoMean_Chla"
0.960894404433435,0.199030814497763,0.833311504821797,1.11336112665034,"Adriatic",18.9592599490455,118.98951052207,0.371940165382348,61.5884941875791,"GeoMean_Chla"
0.955950882783346,0.194809046421921,0.831598926275123,1.10421665669863,"Adriatic",18.9592599490455,118.98951052207,0.386053869531059,61.5884941875791,"GeoMean_Chla"
0.951046096405363,0.191013643395281,0.829692907212276,1.09439877388007,"Adriatic",18.9592599490455,118.98951052207,0.40016757367977,61.5884941875791,"GeoMean_Chla"
0.946183618478116,0.187624869004171,0.826903415736003,1.08660713255835,"Adriatic",18.9592599490455,118.98951052207,0.414281277828481,61.5884941875791,"GeoMean_Chla"
0.941367994226781,0.184612674475761,0.824813733708084,1.07847495065083,"Adriatic",18.9592599490455,118.98951052207,0.428394981977193,61.5884941875791,"GeoMean_Chla"
0.936604191534213,0.181938526203436,0.822048453637361,1.07031319305789,"Adriatic",18.9592599490455,118.98951052207,0.442508686125904,61.5884941875791,"GeoMean_Chla"
0.931897949146767,0.179558986911439,0.819426328636972,1.06290677744914,"Adriatic",18.9592599490455,118.98951052207,0.456622390274615,61.5884941875791,"GeoMean_Chla"
0.927256514666298,0.177430434927718,0.81652933263791,1.05525969653511,"Adriatic",18.9592599490455,118.98951052207,0.470736094423327,61.5884941875791,"GeoMean_Chla"
0.922688652585862,0.175513345381883,0.813468577445864,1.04820178383576,"Adriatic",18.9592599490455,118.98951052207,0.484849798572038,61.5884941875791,"GeoMean_Chla"
0.918205392242842,0.173777333626972,0.810756724425951,1.04188238218867,"Adriatic",18.9592599490455,118.98951052207,0.498963502720749,61.5884941875791,"GeoMean_Chla"
0.913821321010576,0.172206064520158,0.807401992432626,1.03556024871192,"Adriatic",18.9592599490455,118.98951052207,0.51307720686946,61.5884941875791,"GeoMean_Chla"
0.909555024841067,0.170798872344661,0.804537938323434,1.02954176832659,"Adriatic",18.9592599490455,118.98951052207,0.527190911018172,61.5884941875791,"GeoMean_Chla"
0.90542892194378,0.169568905351381,0.801665535327186,1.02359083883373,"Adriatic",18.9592599490455,118.98951052207,0.541304615166883,61.5884941875791,"GeoMean_Chla"
0.901469991172478,0.168539426968517,0.799107955458986,1.01772257391178,"Adriatic",18.9592599490455,118.98951052207,0.555418319315594,61.5884941875791,"GeoMean_Chla"
0.897708314800921,0.167734855655456,0.796516892725987,1.01272795583429,"Adriatic",18.9592599490455,118.98951052207,0.569532023464306,61.5884941875791,"GeoMean_Chla"
0.894176039128562,0.16717253323902,0.793408018824452,1.00803098666416,"Adriatic",18.9592599490455,118.98951052207,0.583645727613017,61.5884941875791,"GeoMean_Chla"
0.890907484677997,0.166856548498808,0.789998862242552,1.00424163920647,"Adriatic",18.9592599490455,118.98951052207,0.597759431761728,61.5884941875791,"GeoMean_Chla"
0.887938316387787,0.166772334293246,0.787315631885002,1.00147122780756,"Adriatic",18.9592599490455,118.98951052207,0.61187313591044,61.5884941875791,"GeoMean_Chla"
0.885304232468828,0.166884836506485,0.784832448587896,0.998625311317341,"Adriatic",18.9592599490455,118.98951052207,0.625986840059151,61.5884941875791,"GeoMean_Chla"
0.883039784005501,0.167142227876632,0.783025780748145,0.996073673303802,"Adriatic",18.9592599490455,118.98951052207,0.640100544207862,61.5884941875791,"GeoMean_Chla"
0.881175492557232,0.167484928509001,0.781054011845274,0.994238492623385,"Adriatic",18.9592599490455,118.98951052207,0.654214248356573,61.5884941875791,"GeoMean_Chla"
0.879733399259281,0.16785757251917,0.779216704993993,0.992587829713078,"Adriatic",18.9592599490455,118.98951052207,0.668327952505285,61.5884941875791,"GeoMean_Chla"
0.878725541469398,0.168217691135171,0.778057899798121,0.991765296448828,"Adriatic",18.9592599490455,118.98951052207,0.682441656653996,61.5884941875791,"GeoMean_Chla"
0.878152280620068,0.168540294068925,0.77765592986456,0.991753440958674,"Adriatic",18.9592599490455,118.98951052207,0.696555360802707,61.5884941875791,"GeoMean_Chla"
0.87800020326024,0.168817576417834,0.77720475433104,0.991773307292882,"Adriatic",18.9592599490455,118.98951052207,0.710669064951419,61.5884941875791,"GeoMean_Chla"
0.878242118601109,0.169053065932928,0.777531078394756,0.992462060458108,"Adriatic",18.9592599490455,118.98951052207,0.72478276910013,61.5884941875791,"GeoMean_Chla"
0.878841653454667,0.169251905318218,0.778078167406304,0.992917487850708,"Adriatic",18.9592599490455,118.98951052207,0.738896473248841,61.5884941875791,"GeoMean_Chla"
0.879755156706736,0.169417263944267,0.778529352676952,0.994190811934484,"Adriatic",18.9592599490455,118.98951052207,0.753010177397552,61.5884941875791,"GeoMean_Chla"
0.880935372682018,0.169548370072192,0.779550513224744,0.99555501328791,"Adriatic",18.9592599490455,118.98951052207,0.767123881546264,61.5884941875791,"GeoMean_Chla"
0.882334871738806,0.169642601320243,0.780617927367701,0.99740726281302,"Adriatic",18.9592599490455,118.98951052207,0.781237585694975,61.5884941875791,"GeoMean_Chla"
0.883908056474269,0.169697970564905,0.781889798921273,0.999717150282403,"Adriatic",18.9592599490455,118.98951052207,0.795351289843686,61.5884941875791,"GeoMean_Chla"
0.885613167054311,0.169716100024294,0.783665626174,1.00204476198627,"Adriatic",18.9592599490455,118.98951052207,0.809464993992398,61.5884941875791,"GeoMean_Chla"
0.887414120568348,0.169704534939071,0.78571438790761,1.00395282328809,"Adriatic",18.9592599490455,118.98951052207,0.823578698141109,61.5884941875791,"GeoMean_Chla"
0.889281802433142,0.169676103768904,0.787057009159917,1.00593791658816,"Adriatic",18.9592599490455,118.98951052207,0.83769240228982,61.5884941875791,"GeoMean_Chla"
0.891194880185094,0.169646082697809,0.788348956846309,1.00815103850367,"Adriatic",18.9592599490455,118.98951052207,0.851806106438531,61.5884941875791,"GeoMean_Chla"
0.89313928694864,0.169627790634942,0.789786657116066,1.01008623109048,"Adriatic",18.9592599490455,118.98951052207,0.865919810587243,61.5884941875791,"GeoMean_Chla"
0.89510711416707,0.169628972306336,0.791588741881561,1.01208916205666,"Adriatic",18.9592599490455,118.98951052207,0.880033514735954,61.5884941875791,"GeoMean_Chla"
0.897097513766878,0.169651732614019,0.792915996120981,1.01477959708049,"Adriatic",18.9592599490455,118.98951052207,0.894147218884665,61.5884941875791,"GeoMean_Chla"
0.899117133781498,0.169694464048397,0.794890006400858,1.01682648962568,"Adriatic",18.9592599490455,118.98951052207,0.908260923033377,61.5884941875791,"GeoMean_Chla"
0.901178538553551,0.169753682247442,0.796333053645223,1.01925174191513,"Adriatic",18.9592599490455,118.98951052207,0.922374627182088,61.5884941875791,"GeoMean_Chla"
0.903298853538827,0.169826684918481,0.797825637011168,1.02141968550181,"Adriatic",18.9592599490455,118.98951052207,0.936488331330799,61.5884941875791,"GeoMean_Chla"
0.905499377042075,0.169914879031509,0.799664942920531,1.02398832561265,"Adriatic",18.9592599490455,118.98951052207,0.950602035479511,61.5884941875791,"GeoMean_Chla"
0.90780461860624,0.17002508092518,0.801424939405997,1.02642021503996,"Adriatic",18.9592599490455,118.98951052207,0.964715739628222,61.5884941875791,"GeoMean_Chla"
0.91024065293266,0.170166675142887,0.803289234354721,1.02864647018815,"Adriatic",18.9592599490455,118.98951052207,0.978829443776933,61.5884941875791,"GeoMean_Chla"
0.912834297290627,0.170349474347667,0.805170113888894,1.03192156431865,"Adriatic",18.9592599490455,118.98951052207,0.992943147925644,61.5884941875791,"GeoMean_Chla"
0.915612415571363,0.170582938612461,0.807672269140689,1.03473871352665,"Adriatic",18.9592599490455,118.98951052207,1.00705685207436,61.5884941875791,"GeoMean_Chla"
0.918601109948998,0.17087629480222,0.810070808168137,1.03824400182869,"Adriatic",18.9592599490455,118.98951052207,1.02117055622307,61.5884941875791,"GeoMean_Chla"
0.92182523833166,0.171236955993463,0.81297726828582,1.04190867353639,"Adriatic",18.9592599490455,118.98951052207,1.03528426037178,61.5884941875791,"GeoMean_Chla"
0.925308161736831,0.17166958953394,0.81593249576096,1.04639526302122,"Adriatic",18.9592599490455,118.98951052207,1.04939796452049,61.5884941875791,"GeoMean_Chla"
0.929071330471893,0.17217685693774,0.818642573683377,1.05105112257257,"Adriatic",18.9592599490455,118.98951052207,1.0635116686692,61.5884941875791,"GeoMean_Chla"
0.933134490842257,0.172760166638877,0.821320324407469,1.05651667123289,"Adriatic",18.9592599490455,118.98951052207,1.07762537281791,61.5884941875791,"GeoMean_Chla"
0.937514671146688,0.173422710372698,0.824017220456045,1.06234881246724,"Adriatic",18.9592599490455,118.98951052207,1.09173907696662,61.5884941875791,"GeoMean_Chla"
0.942226202128324,0.174171033231894,0.827812376097423,1.06823877922053,"Adriatic",18.9592599490455,118.98951052207,1.10585278111533,61.5884941875791,"GeoMean_Chla"
0.947281117301982,0.175015171450396,0.83198993053946,1.07401294104677,"Adriatic",18.9592599490455,118.98951052207,1.11996648526405,61.5884941875791,"GeoMean_Chla"
0.952687463846736,0.175970424849472,0.836041145528682,1.08055296926645,"Adriatic",18.9592599490455,118.98951052207,1.13408018941276,61.5884941875791,"GeoMean_Chla"
0.958451080356499,0.177053624861332,0.840450214355694,1.08756613421109,"Adriatic",18.9592599490455,118.98951052207,1.14819389356147,61.5884941875791,"GeoMean_Chla"
0.964576299542219,0.178280317042953,0.845285427097746,1.09512122099785,"Adriatic",18.9592599490455,118.98951052207,1.16230759771018,61.5884941875791,"GeoMean_Chla"
0.971065166509736,0.179663700380206,0.849887547308238,1.10386013886667,"Adriatic",18.9592599490455,118.98951052207,1.17642130185889,61.5884941875791,"GeoMean_Chla"
0.977916747654529,0.181213501004741,0.854309275455955,1.11303980181408,"Adriatic",18.9592599490455,118.98951052207,1.1905350060076,61.5884941875791,"GeoMean_Chla"
0.985126351677964,0.182935090423337,0.858677375070281,1.12286144232893,"Adriatic",18.9592599490455,118.98951052207,1.20464871015631,61.5884941875791,"GeoMean_Chla"
0.992685704979814,0.184828263340989,0.863934647484439,1.13333642048737,"Adriatic",18.9592599490455,118.98951052207,1.21876241430503,61.5884941875791,"GeoMean_Chla"
1.00058254039012,0.186887533759931,0.869901015526105,1.14457667118642,"Adriatic",18.9592599490455,118.98951052207,1.23287611845374,61.5884941875791,"GeoMean_Chla"
1.008801355528,0.189102072339393,0.875458781730417,1.15587701215131,"Adriatic",18.9592599490455,118.98951052207,1.24698982260245,61.5884941875791,"GeoMean_Chla"
1.01732406107447,0.191456911200463,0.881387228650033,1.16718768529449,"Adriatic",18.9592599490455,118.98951052207,1.26110352675116,61.5884941875791,"GeoMean_Chla"
1.02612887509913,0.193937468829584,0.887350696461685,1.17917172175762,"Adriatic",18.9592599490455,118.98951052207,1.27521723089987,61.5884941875791,"GeoMean_Chla"
1.03519021084001,0.196532448834254,0.893662453590341,1.19224696074864,"Adriatic",18.9592599490455,118.98951052207,1.28933093504858,61.5884941875791,"GeoMean_Chla"
1.04447991032946,0.199233366044577,0.900566236148275,1.20515120566007,"Adriatic",18.9592599490455,118.98951052207,1.30344463919729,61.5884941875791,"GeoMean_Chla"
1.05396778639336,0.202034969140352,0.90697546046443,1.21893972954227,"Adriatic",18.9592599490455,118.98951052207,1.317558343346,61.5884941875791,"GeoMean_Chla"
1.06362226350413,0.20493444563492,0.913745090716519,1.23395592336623,"Adriatic",18.9592599490455,118.98951052207,1.33167204749472,61.5884941875791,"GeoMean_Chla"
1.07341087203485,0.207929208989333,0.92033281665965,1.24820040636874,"Adriatic",18.9592599490455,118.98951052207,1.34578575164343,61.5884941875791,"GeoMean_Chla"
1.08330021998801,0.211013151401967,0.926538668621602,1.26302430833149,"Adriatic",18.9592599490455,118.98951052207,1.35989945579214,61.5884941875791,"GeoMean_Chla"
1.09325690828138,0.214177363172726,0.932907254149199,1.27755426091116,"Adriatic",18.9592599490455,118.98951052207,1.37401315994085,61.5884941875791,"GeoMean_Chla"
1.10324982959641,0.21741317805146,0.939674888239482,1.29346558149649,"Adriatic",18.9592599490455,118.98951052207,1.38812686408956,61.5884941875791,"GeoMean_Chla"
1.11325273798303,0.220714420000857,0.946019895381581,1.30853447445419,"Adriatic",18.9592599490455,118.98951052207,1.40224056823827,61.5884941875791,"GeoMean_Chla"
1.12324289971526,0.224074812532399,0.95190659447489,1.32432732336028,"Adriatic",18.9592599490455,118.98951052207,1.41635427238698,61.5884941875791,"GeoMean_Chla"
1.13320051879565,0.227487188860772,0.958682365078469,1.33872591887631,"Adriatic",18.9592599490455,118.98951052207,1.43046797653569,61.5884941875791,"GeoMean_Chla"
1.14310747790009,0.230943214285296,0.964692907336607,1.35455020804892,"Adriatic",18.9592599490455,118.98951052207,1.44458168068441,61.5884941875791,"GeoMean_Chla"
1.15294776639593,0.234435233739992,0.970638126913262,1.36930439999514,"Adriatic",18.9592599490455,118.98951052207,1.45869538483312,61.5884941875791,"GeoMean_Chla"
1.16271120564266,0.237961394159183,0.975962067337913,1.38405368329554,"Adriatic",18.9592599490455,118.98951052207,1.47280908898183,61.5884941875791,"GeoMean_Chla"
1.17239274931982,0.241526621859538,0.981938064599092,1.3997269365108,"Adriatic",18.9592599490455,118.98951052207,1.48692279313054,61.5884941875791,"GeoMean_Chla"
1.18199212580316,0.245143144323514,0.987369506626652,1.41413765745116,"Adriatic",18.9592599490455,118.98951052207,1.50103649727925,61.5884941875791,"GeoMean_Chla"
1.19151409011017,0.248830712239815,0.99270346677419,1.42855414261413,"Adriatic",18.9592599490455,118.98951052207,1.51515020142796,61.5884941875791,"GeoMean_Chla"
1.20096887149984,0.252616100014402,0.997709201552844,1.44346668000979,"Adriatic",18.9592599490455,118.98951052207,1.52926390557667,61.5884941875791,"GeoMean_Chla"
1.21037081315076,0.256530160207893,1.00220032846184,1.45953495435519,"Adriatic",18.9592599490455,118.98951052207,1.54337760972538,61.5884941875791,"GeoMean_Chla"
1.21973603912049,0.260604214015544,1.00595150107419,1.47620200064752,"Adriatic",18.9592599490455,118.98951052207,1.5574913138741,61.5884941875791,"GeoMean_Chla"
1.22908238317672,0.264869391642326,1.01150802741057,1.49152970809762,"Adriatic",18.9592599490455,118.98951052207,1.57160501802281,61.5884941875791,"GeoMean_Chla"
1.23842958528582,0.269356699630622,1.01555205774537,1.50788764275478,"Adriatic",18.9592599490455,118.98951052207,1.58571872217152,61.5884941875791,"GeoMean_Chla"
1.24779851167264,0.274096240776599,1.01840471406728,1.52487444187495,"Adriatic",18.9592599490455,118.98951052207,1.59983242632023,61.5884941875791,"GeoMean_Chla"
1.25721027557892,0.279117178987831,1.02318788893351,1.54265288258253,"Adriatic",18.9592599490455,118.98951052207,1.61394613046894,61.5884941875791,"GeoMean_Chla"
1.26668544298913,0.284448969280672,1.02722623392702,1.56070883118945,"Adriatic",18.9592599490455,118.98951052207,1.62805983461765,61.5884941875791,"GeoMean_Chla"
1.276243828983,0.29012229217156,1.03076554232931,1.57999002995472,"Adriatic",18.9592599490455,118.98951052207,1.64217353876636,61.5884941875791,"GeoMean_Chla"
1.2859040764618,0.29617036984477,1.03431179217247,1.59921875152516,"Adriatic",18.9592599490455,118.98951052207,1.65628724291508,61.5884941875791,"GeoMean_Chla"
1.29568467035762,0.302629681403482,1.03702047317754,1.61906311000337,"Adriatic",18.9592599490455,118.98951052207,1.67040094706379,61.5884941875791,"GeoMean_Chla"
1.30560235753665,0.309541525494892,1.04050321072853,1.63951441606259,"Adriatic",18.9592599490455,118.98951052207,1.6845146512125,61.5884941875791,"GeoMean_Chla"
1.31567070782485,0.316952611333065,1.04256249360388,1.66186425559838,"Adriatic",18.9592599490455,118.98951052207,1.69862835536121,61.5884941875791,"GeoMean_Chla"
0.878030430603001,0.10020388246379,0.815666376910847,0.939610063151641,"Cyprus",22.5105774396736,95.7166054803531,0.561847499459226,41.3588714582376,"GeoMean_Chla"
0.881424370815382,0.0953466633464094,0.822524938961083,0.940663439271173,"Cyprus",22.5105774396736,95.7166054803531,0.570699065126716,41.3588714582376,"GeoMean_Chla"
0.884810296155705,0.0912548064665804,0.828808207486195,0.942296312332099,"Cyprus",22.5105774396736,95.7166054803531,0.579550630794206,41.3588714582376,"GeoMean_Chla"
0.888180930713748,0.0879034479271883,0.834441879382414,0.944172682074371,"Cyprus",22.5105774396736,95.7166054803531,0.588402196461697,41.3588714582376,"GeoMean_Chla"
0.89152709655238,0.0852576729716043,0.839549683749984,0.946507739696325,"Cyprus",22.5105774396736,95.7166054803531,0.597253762129187,41.3588714582376,"GeoMean_Chla"
0.894837221763772,0.0832744838597102,0.843852464431664,0.948953629432156,"Cyprus",22.5105774396736,95.7166054803531,0.606105327796677,41.3588714582376,"GeoMean_Chla"
0.898097758233785,0.0819020310956406,0.847588727499698,0.951405770375336,"Cyprus",22.5105774396736,95.7166054803531,0.614956893464168,41.3588714582376,"GeoMean_Chla"
0.90129362406517,0.0810780841278894,0.851354818044088,0.954028633486964,"Cyprus",22.5105774396736,95.7166054803531,0.623808459131658,41.3588714582376,"GeoMean_Chla"
0.904407935344839,0.0807297454540313,0.854195975007532,0.957467897809354,"Cyprus",22.5105774396736,95.7166054803531,0.632660024799149,41.3588714582376,"GeoMean_Chla"
0.907422168113963,0.0807735317317706,0.85703702988103,0.960633149545243,"Cyprus",22.5105774396736,95.7166054803531,0.641511590466639,41.3588714582376,"GeoMean_Chla"
0.910316842095082,0.0811169650392549,0.859801124405046,0.963856510067787,"Cyprus",22.5105774396736,95.7166054803531,0.650363156134129,41.3588714582376,"GeoMean_Chla"
0.913072096116411,0.0816634596938671,0.862153086798332,0.967183122905352,"Cyprus",22.5105774396736,95.7166054803531,0.65921472180162,41.3588714582376,"GeoMean_Chla"
0.915668541559866,0.0823209400137609,0.864382896796084,0.970187375887996,"Cyprus",22.5105774396736,95.7166054803531,0.66806628746911,41.3588714582376,"GeoMean_Chla"
0.918088863453265,0.0830119499052454,0.866202489508321,0.973583697647666,"Cyprus",22.5105774396736,95.7166054803531,0.676917853136601,41.3588714582376,"GeoMean_Chla"
0.920318986979732,0.0836797081042727,0.867993719079586,0.976438109835956,"Cyprus",22.5105774396736,95.7166054803531,0.685769418804091,41.3588714582376,"GeoMean_Chla"
0.922349545626228,0.0842907338471907,0.869862853157171,0.978931367966101,"Cyprus",22.5105774396736,95.7166054803531,0.694620984471581,41.3588714582376,"GeoMean_Chla"
0.924177631895015,0.0848341726119143,0.871109344820587,0.981265158186144,"Cyprus",22.5105774396736,95.7166054803531,0.703472550139072,41.3588714582376,"GeoMean_Chla"
0.925807793472945,0.0853168479396021,0.872079051643581,0.983417261473439,"Cyprus",22.5105774396736,95.7166054803531,0.712324115806562,41.3588714582376,"GeoMean_Chla"
0.927250708811601,0.0857549590493315,0.872923410433836,0.985375058419883,"Cyprus",22.5105774396736,95.7166054803531,0.721175681474053,41.3588714582376,"GeoMean_Chla"
0.928523504597867,0.0861707166314864,0.873890134491125,0.986745208994304,"Cyprus",22.5105774396736,95.7166054803531,0.730027247141543,41.3588714582376,"GeoMean_Chla"
0.929648084649209,0.0865888147883875,0.874538393950118,0.988408634910367,"Cyprus",22.5105774396736,95.7166054803531,0.738878812809033,41.3588714582376,"GeoMean_Chla"
0.930649790391183,0.0870355195795195,0.874933539146132,0.989586734819269,"Cyprus",22.5105774396736,95.7166054803531,0.747730378476524,41.3588714582376,"GeoMean_Chla"
0.93155593607149,0.0875372314571804,0.875180942776781,0.990554933825995,"Cyprus",22.5105774396736,95.7166054803531,0.756581944144014,41.3588714582376,"GeoMean_Chla"
0.93239473481095,0.0881197326186574,0.875526233825875,0.991636841069924,"Cyprus",22.5105774396736,95.7166054803531,0.765433509811505,41.3588714582376,"GeoMean_Chla"
0.933194466815674,0.0888069679998225,0.875855295395915,0.992729146733043,"Cyprus",22.5105774396736,95.7166054803531,0.774285075478995,41.3588714582376,"GeoMean_Chla"
0.933982605744065,0.0896183480125914,0.875824371755325,0.993761566989883,"Cyprus",22.5105774396736,95.7166054803531,0.783136641146485,41.3588714582376,"GeoMean_Chla"
0.934785130136808,0.0905654780382346,0.876014508365452,0.995480124495185,"Cyprus",22.5105774396736,95.7166054803531,0.791988206813976,41.3588714582376,"GeoMean_Chla"
0.93562617063726,0.0916492704684892,0.876036195172657,0.996778460595149,"Cyprus",22.5105774396736,95.7166054803531,0.800839772481466,41.3588714582376,"GeoMean_Chla"
0.936527916908956,0.0928590501367609,0.876295750884789,0.998477064129403,"Cyprus",22.5105774396736,95.7166054803531,0.809691338148957,41.3588714582376,"GeoMean_Chla"
0.937509685965778,0.0941753403364632,0.876527120779923,1.00080221077985,"Cyprus",22.5105774396736,95.7166054803531,0.818542903816447,41.3588714582376,"GeoMean_Chla"
0.938587547791368,0.0955740586443255,0.876736295176966,1.00244685455313,"Cyprus",22.5105774396736,95.7166054803531,0.827394469483937,41.3588714582376,"GeoMean_Chla"
0.939774783022661,0.0970302705281671,0.876692143010096,1.00469752219872,"Cyprus",22.5105774396736,95.7166054803531,0.836246035151428,41.3588714582376,"GeoMean_Chla"
0.941081835163414,0.0985220616423266,0.877140770536634,1.00701846078966,"Cyprus",22.5105774396736,95.7166054803531,0.845097600818918,41.3588714582376,"GeoMean_Chla"
0.942516159941092,0.100033356890239,0.877412805335098,1.00956474569544,"Cyprus",22.5105774396736,95.7166054803531,0.853949166486409,41.3588714582376,"GeoMean_Chla"
0.94408259390928,0.101554070303532,0.878126678298857,1.01244006773701,"Cyprus",22.5105774396736,95.7166054803531,0.862800732153899,41.3588714582376,"GeoMean_Chla"
0.94578441081385,0.103077591616422,0.878664356096903,1.01498902763917,"Cyprus",22.5105774396736,95.7166054803531,0.871652297821389,41.3588714582376,"GeoMean_Chla"
0.94762361833625,0.104598827861086,0.879575969932555,1.01772757088428,"Cyprus",22.5105774396736,95.7166054803531,0.88050386348888,41.3588714582376,"GeoMean_Chla"
0.949600733188129,0.106113248452771,0.880377498244167,1.02086213418291,"Cyprus",22.5105774396736,95.7166054803531,0.88935542915637,41.3588714582376,"GeoMean_Chla"
0.951714735991365,0.107615840378195,0.8807293091968,1.02424370062373,"Cyprus",22.5105774396736,95.7166054803531,0.898206994823861,41.3588714582376,"GeoMean_Chla"
0.9539635037081,0.109099726863844,0.881689154570089,1.02771200820432,"Cyprus",22.5105774396736,95.7166054803531,0.907058560491351,41.3588714582376,"GeoMean_Chla"
0.956344111274449,0.110555936382618,0.882537165519678,1.03148740682225,"Cyprus",22.5105774396736,95.7166054803531,0.915910126158841,41.3588714582376,"GeoMean_Chla"
0.958853002057676,0.111974169927972,0.883976621375895,1.03527018585637,"Cyprus",22.5105774396736,95.7166054803531,0.924761691826332,41.3588714582376,"GeoMean_Chla"
0.961486174586297,0.113344111612788,0.885458239812801,1.03959024656731,"Cyprus",22.5105774396736,95.7166054803531,0.933613257493822,41.3588714582376,"GeoMean_Chla"
0.964239116746622,0.114658612169114,0.886969379775456,1.04393973348821,"Cyprus",22.5105774396736,95.7166054803531,0.942464823161312,41.3588714582376,"GeoMean_Chla"
0.967106985181336,0.115913868633082,0.889046531081887,1.04785099562322,"Cyprus",22.5105774396736,95.7166054803531,0.951316388828803,41.3588714582376,"GeoMean_Chla"
0.970084572101932,0.117111583058619,0.891002153998361,1.05203615261544,"Cyprus",22.5105774396736,95.7166054803531,0.960167954496293,41.3588714582376,"GeoMean_Chla"
0.973166285858858,0.118259456436297,0.893140204291197,1.05621100398136,"Cyprus",22.5105774396736,95.7166054803531,0.969019520163784,41.3588714582376,"GeoMean_Chla"
0.976346318143415,0.119367749090815,0.895711917480814,1.06049130606762,"Cyprus",22.5105774396736,95.7166054803531,0.977871085831274,41.3588714582376,"GeoMean_Chla"
0.979618616756778,0.120448519405618,0.898282118948079,1.06519312920386,"Cyprus",22.5105774396736,95.7166054803531,0.986722651498764,41.3588714582376,"GeoMean_Chla"
0.98297679951213,0.121515467884241,0.900852204592474,1.069862284445,"Cyprus",22.5105774396736,95.7166054803531,0.995574217166255,41.3588714582376,"GeoMean_Chla"
0.986414065273067,0.122583396508983,0.903813996315637,1.07519910369984,"Cyprus",22.5105774396736,95.7166054803531,1.00442578283375,41.3588714582376,"GeoMean_Chla"
0.98992313083172,0.123667211523627,0.906372901667926,1.08048586163623,"Cyprus",22.5105774396736,95.7166054803531,1.01327734850124,41.3588714582376,"GeoMean_Chla"
0.993496228798241,0.124780478481021,0.909085894672329,1.08559703663052,"Cyprus",22.5105774396736,95.7166054803531,1.02212891416873,41.3588714582376,"GeoMean_Chla"
0.997125070812341,0.125934852561194,0.912419948872384,1.09123020200671,"Cyprus",22.5105774396736,95.7166054803531,1.03098047983622,41.3588714582376,"GeoMean_Chla"
1.00080099599071,0.127138693999559,0.914721127874469,1.09610718280474,"Cyprus",22.5105774396736,95.7166054803531,1.03983204550371,41.3588714582376,"GeoMean_Chla"
1.00451493117592,0.128398066038229,0.917404133847707,1.10154348431839,"Cyprus",22.5105774396736,95.7166054803531,1.0486836111712,41.3588714582376,"GeoMean_Chla"
1.00825732136134,0.129718537819204,0.920069148526281,1.10657519173106,"Cyprus",22.5105774396736,95.7166054803531,1.05753517683869,41.3588714582376,"GeoMean_Chla"
1.01201828535502,0.131104821402222,0.923012626537824,1.11198547813779,"Cyprus",22.5105774396736,95.7166054803531,1.06638674250618,41.3588714582376,"GeoMean_Chla"
1.01578777239537,0.132560453236952,0.925693091411706,1.11782906760766,"Cyprus",22.5105774396736,95.7166054803531,1.07523830817367,41.3588714582376,"GeoMean_Chla"
1.01955570094021,0.134087503057974,0.928073993356586,1.12324098906701,"Cyprus",22.5105774396736,95.7166054803531,1.08408987384116,41.3588714582376,"GeoMean_Chla"
1.02331209804225,0.135685805100118,0.931036005180103,1.12829086860434,"Cyprus",22.5105774396736,95.7166054803531,1.09294143950865,41.3588714582376,"GeoMean_Chla"
1.02704703085859,0.137351489291872,0.933498836051748,1.13420789655361,"Cyprus",22.5105774396736,95.7166054803531,1.10179300517614,41.3588714582376,"GeoMean_Chla"
1.03075067088507,0.139076558564649,0.935792060724578,1.14054504308191,"Cyprus",22.5105774396736,95.7166054803531,1.11064457084363,41.3588714582376,"GeoMean_Chla"
1.0344138392798,0.14085014805336,0.938128219564876,1.14673894955441,"Cyprus",22.5105774396736,95.7166054803531,1.11949613651112,41.3588714582376,"GeoMean_Chla"
1.03802882942143,0.14266022751435,0.94073502918633,1.15225704854269,"Cyprus",22.5105774396736,95.7166054803531,1.12834770217861,41.3588714582376,"GeoMean_Chla"
1.04158930542798,0.144493674040743,0.942719405991914,1.15816005447867,"Cyprus",22.5105774396736,95.7166054803531,1.1371992678461,41.3588714582376,"GeoMean_Chla"
1.04508987922449,0.146335976179064,0.944675947128442,1.16374188686083,"Cyprus",22.5105774396736,95.7166054803531,1.14605083351359,41.3588714582376,"GeoMean_Chla"
1.04852591047411,0.148171627962105,0.946471516828449,1.16894080647604,"Cyprus",22.5105774396736,95.7166054803531,1.15490239918108,41.3588714582376,"GeoMean_Chla"
1.05189323252833,0.149984698807024,0.948382042684206,1.17422203941211,"Cyprus",22.5105774396736,95.7166054803531,1.16375396484857,41.3588714582376,"GeoMean_Chla"
1.0551891027656,0.151762216140104,0.950302785130226,1.18008512603574,"Cyprus",22.5105774396736,95.7166054803531,1.17260553051606,41.3588714582376,"GeoMean_Chla"
1.05841233776013,0.153495829326685,0.952355497970665,1.18560818694994,"Cyprus",22.5105774396736,95.7166054803531,1.18145709618355,41.3588714582376,"GeoMean_Chla"
1.06156298974023,0.155181929568751,0.953938022183069,1.19014714681177,"Cyprus",22.5105774396736,95.7166054803531,1.19030866185104,41.3588714582376,"GeoMean_Chla"
1.06464246199277,0.156822132997314,0.955586067395918,1.19532356245774,"Cyprus",22.5105774396736,95.7166054803531,1.19916022751853,41.3588714582376,"GeoMean_Chla"
1.06765357428881,0.158423015873742,0.957318960663603,1.19990408539426,"Cyprus",22.5105774396736,95.7166054803531,1.20801179318602,41.3588714582376,"GeoMean_Chla"
1.07060036635276,0.159994387207321,0.95911974435113,1.20495219184762,"Cyprus",22.5105774396736,95.7166054803531,1.21686335885351,41.3588714582376,"GeoMean_Chla"
1.0734873790779,0.161545849535231,0.96117404306824,1.20938451144339,"Cyprus",22.5105774396736,95.7166054803531,1.22571492452101,41.3588714582376,"GeoMean_Chla"
1.07631954830042,0.163085508304506,0.963344850014654,1.21410715130188,"Cyprus",22.5105774396736,95.7166054803531,1.2345664901885,41.3588714582376,"GeoMean_Chla"
1.07910237129265,0.164619930719112,0.964734712786462,1.21863210222721,"Cyprus",22.5105774396736,95.7166054803531,1.24341805585599,41.3588714582376,"GeoMean_Chla"
1.08184172369866,0.166153186260747,0.96625772972147,1.22325833720221,"Cyprus",22.5105774396736,95.7166054803531,1.25226962152348,41.3588714582376,"GeoMean_Chla"
1.08454360288107,0.167686080108759,0.967985919458005,1.2280478151376,"Cyprus",22.5105774396736,95.7166054803531,1.26112118719097,41.3588714582376,"GeoMean_Chla"
1.08721396918857,0.169216959839347,0.96947719689128,1.23292264934734,"Cyprus",22.5105774396736,95.7166054803531,1.26997275285846,41.3588714582376,"GeoMean_Chla"
1.08985865628533,0.170742324022196,0.970684056251666,1.23711585226512,"Cyprus",22.5105774396736,95.7166054803531,1.27882431852595,41.3588714582376,"GeoMean_Chla"
1.09248325455734,0.1722581127111,0.971995724446793,1.24147226943251,"Cyprus",22.5105774396736,95.7166054803531,1.28767588419344,41.3588714582376,"GeoMean_Chla"
1.09509327421895,0.173760348757662,0.972995948333924,1.24589754639987,"Cyprus",22.5105774396736,95.7166054803531,1.29652744986093,41.3588714582376,"GeoMean_Chla"
1.09769386533856,0.175247188194504,0.974516979387286,1.25033389123422,"Cyprus",22.5105774396736,95.7166054803531,1.30537901552842,41.3588714582376,"GeoMean_Chla"
1.10028950237852,0.17672130027267,0.976154891872767,1.25446129504831,"Cyprus",22.5105774396736,95.7166054803531,1.31423058119591,41.3588714582376,"GeoMean_Chla"
1.10288352819379,0.178192177073855,0.97775818376943,1.25864433907634,"Cyprus",22.5105774396736,95.7166054803531,1.3230821468634,41.3588714582376,"GeoMean_Chla"
1.1054783520139,0.179675988096372,0.979237433307277,1.26300799290663,"Cyprus",22.5105774396736,95.7166054803531,1.33193371253089,41.3588714582376,"GeoMean_Chla"
1.10807602848076,0.181193577721033,0.981001757479877,1.26727251834584,"Cyprus",22.5105774396736,95.7166054803531,1.34078527819838,41.3588714582376,"GeoMean_Chla"
1.11067831294611,0.182769364574754,0.981666307090732,1.2714892228734,"Cyprus",22.5105774396736,95.7166054803531,1.34963684386587,41.3588714582376,"GeoMean_Chla"
1.11328692592468,0.184429721163743,0.98371402324155,1.27615652279669,"Cyprus",22.5105774396736,95.7166054803531,1.35848840953336,41.3588714582376,"GeoMean_Chla"
1.11590360404171,0.186201872270062,0.984449917945685,1.28024286259903,"Cyprus",22.5105774396736,95.7166054803531,1.36733997520085,41.3588714582376,"GeoMean_Chla"
1.11852999422339,0.188113053113719,0.98542236629224,1.28450449574573,"Cyprus",22.5105774396736,95.7166054803531,1.37619154086834,41.3588714582376,"GeoMean_Chla"
1.12116721620755,0.190189747242119,0.986591626138127,1.28942161662941,"Cyprus",22.5105774396736,95.7166054803531,1.38504310653583,41.3588714582376,"GeoMean_Chla"
1.12381601326718,0.192456045121184,0.987304213104258,1.29406786450674,"Cyprus",22.5105774396736,95.7166054803531,1.39389467220332,41.3588714582376,"GeoMean_Chla"
1.1264766970469,0.194932236247948,0.988072854221018,1.29934821195232,"Cyprus",22.5105774396736,95.7166054803531,1.40274623787081,41.3588714582376,"GeoMean_Chla"
1.12914911598082,0.197633559911382,0.988358461207581,1.3053120936871,"Cyprus",22.5105774396736,95.7166054803531,1.4115978035383,41.3588714582376,"GeoMean_Chla"
1.1318327017808,0.200569336165661,0.989086571251768,1.31180890083834,"Cyprus",22.5105774396736,95.7166054803531,1.42044936920579,41.3588714582376,"GeoMean_Chla"
1.13452660422415,0.20374264910732,0.989505749646017,1.31871305820538,"Cyprus",22.5105774396736,95.7166054803531,1.42930093487328,41.3588714582376,"GeoMean_Chla"
1.13722985328788,0.207150749012112,0.989190109024344,1.324607267002,"Cyprus",22.5105774396736,95.7166054803531,1.43815250054077,41.3588714582376,"GeoMean_Chla"
1.06996866071876,0.121564689981523,0.87441606312791,1.30033055085852,"Lyon",17.7289617217123,40.6922353158425,0.138709810117212,37.3563769943789,"GeoMean_Chla"
1.06924321760861,0.117272741284422,0.88041008219409,1.29117157569432,"Lyon",17.7289617217123,40.6922353158425,0.156109611933026,37.3563769943789,"GeoMean_Chla"
1.06850951240847,0.11334638025404,0.88469374483169,1.28136376955498,"Lyon",17.7289617217123,40.6922353158425,0.17350941374884,37.3563769943789,"GeoMean_Chla"
1.06777179099758,0.10977251305342,0.888912569641495,1.27278061790304,"Lyon",17.7289617217123,40.6922353158425,0.190909215564654,37.3563769943789,"GeoMean_Chla"
1.06703377091726,0.10654049578839,0.893495831044726,1.26518850145557,"Lyon",17.7289617217123,40.6922353158425,0.208309017380468,37.3563769943789,"GeoMean_Chla"
1.06629810267867,0.103644429992516,0.89805292416849,1.25893623762973,"Lyon",17.7289617217123,40.6922353158425,0.225708819196281,37.3563769943789,"GeoMean_Chla"
1.06556576153458,0.101084180017915,0.902211159014293,1.25355214143791,"Lyon",17.7289617217123,40.6922353158425,0.243108621012095,37.3563769943789,"GeoMean_Chla"
1.06483553683395,0.0988640290979224,0.904679252348777,1.24887057055037,"Lyon",17.7289617217123,40.6922353158425,0.260508422827909,37.3563769943789,"GeoMean_Chla"
1.06410429943983,0.0969890631217379,0.907151430307061,1.24458810113287,"Lyon",17.7289617217123,40.6922353158425,0.277908224643723,37.3563769943789,"GeoMean_Chla"
1.06336714666456,0.0954618536410346,0.909336269703248,1.2404698083052,"Lyon",17.7289617217123,40.6922353158425,0.295308026459537,37.3563769943789,"GeoMean_Chla"
1.06261762868981,0.0942805190356984,0.910444297794967,1.23784332680535,"Lyon",17.7289617217123,40.6922353158425,0.312707828275351,37.3563769943789,"GeoMean_Chla"
1.06184855185931,0.0934378891572119,0.910670506922489,1.23536846794308,"Lyon",17.7289617217123,40.6922353158425,0.330107630091165,37.3563769943789,"GeoMean_Chla"
1.06105251065602,0.0929222723581772,0.911387572905355,1.23283380886445,"Lyon",17.7289617217123,40.6922353158425,0.347507431906979,37.3563769943789,"GeoMean_Chla"
1.06022243087451,0.0927185120382443,0.910655253779792,1.23106528189163,"Lyon",17.7289617217123,40.6922353158425,0.364907233722793,37.3563769943789,"GeoMean_Chla"
1.05935215832502,0.0928095025051525,0.909677789303373,1.22988916460631,"Lyon",17.7289617217123,40.6922353158425,0.382307035538607,37.3563769943789,"GeoMean_Chla"
1.05843697282188,0.0931772012044453,0.907913064754537,1.2293993773549,"Lyon",17.7289617217123,40.6922353158425,0.39970683735442,37.3563769943789,"GeoMean_Chla"
1.05747406553396,0.0938028256569483,0.906310683459465,1.22877729682286,"Lyon",17.7289617217123,40.6922353158425,0.417106639170234,37.3563769943789,"GeoMean_Chla"
1.05646285878057,0.0946663427462984,0.903654339631757,1.22924602851612,"Lyon",17.7289617217123,40.6922353158425,0.434506440986048,37.3563769943789,"GeoMean_Chla"
1.05540496949924,0.095745581078366,0.900682387885283,1.22994292173967,"Lyon",17.7289617217123,40.6922353158425,0.451906242801862,37.3563769943789,"GeoMean_Chla"
1.05430394263103,0.0970156637324384,0.898393152755621,1.23223458444542,"Lyon",17.7289617217123,40.6922353158425,0.469306044617676,37.3563769943789,"GeoMean_Chla"
1.05316548534633,0.09844991865273,0.895153040504112,1.23343338622126,"Lyon",17.7289617217123,40.6922353158425,0.48670584643349,37.3563769943789,"GeoMean_Chla"
1.05199769888168,0.100021645019533,0.89202676538617,1.23601068699402,"Lyon",17.7289617217123,40.6922353158425,0.504105648249304,37.3563769943789,"GeoMean_Chla"
1.05081058203172,0.101705462761874,0.889250237728965,1.23795974111817,"Lyon",17.7289617217123,40.6922353158425,0.521505450065118,37.3563769943789,"GeoMean_Chla"
1.04961527151336,0.103478195829511,0.885706631906445,1.24081173845856,"Lyon",17.7289617217123,40.6922353158425,0.538905251880932,37.3563769943789,"GeoMean_Chla"
1.04842370919216,0.105320725960017,0.881992300822832,1.24226671084849,"Lyon",17.7289617217123,40.6922353158425,0.556305053696746,37.3563769943789,"GeoMean_Chla"
1.04724797813833,0.107218797343854,0.878310388081112,1.24533822637856,"Lyon",17.7289617217123,40.6922353158425,0.573704855512559,37.3563769943789,"GeoMean_Chla"
1.04609981157452,0.109162015947171,0.874904939682675,1.24721525563757,"Lyon",17.7289617217123,40.6922353158425,0.591104657328373,37.3563769943789,"GeoMean_Chla"
1.04499017614955,0.111142045973735,0.871466896374322,1.24919340018303,"Lyon",17.7289617217123,40.6922353158425,0.608504459144187,37.3563769943789,"GeoMean_Chla"
1.04392890611133,0.113151798393786,0.868110669301129,1.25153151676664,"Lyon",17.7289617217123,40.6922353158425,0.625904260960001,37.3563769943789,"GeoMean_Chla"
1.04292371397058,0.115185798503268,0.863843567831533,1.25604908561338,"Lyon",17.7289617217123,40.6922353158425,0.643304062775815,37.3563769943789,"GeoMean_Chla"
1.0419793560216,0.117240328548636,0.860079714658793,1.26028996521657,"Lyon",17.7289617217123,40.6922353158425,0.660703864591629,37.3563769943789,"GeoMean_Chla"
1.04109765512581,0.119312566899174,0.856764525773229,1.26304181219774,"Lyon",17.7289617217123,40.6922353158425,0.678103666407443,37.3563769943789,"GeoMean_Chla"
1.04027767387251,0.121400081271928,0.854213731169904,1.26704778977542,"Lyon",17.7289617217123,40.6922353158425,0.695503468223257,37.3563769943789,"GeoMean_Chla"
1.03951548749681,0.123501100187578,0.850922276396605,1.27000352237279,"Lyon",17.7289617217123,40.6922353158425,0.712903270039071,37.3563769943789,"GeoMean_Chla"
1.03880482157278,0.125614368030955,0.847959187539795,1.27396590619533,"Lyon",17.7289617217123,40.6922353158425,0.730303071854885,37.3563769943789,"GeoMean_Chla"
1.03813655975228,0.127740011262019,0.843863820978464,1.27795512513271,"Lyon",17.7289617217123,40.6922353158425,0.747702873670699,37.3563769943789,"GeoMean_Chla"
1.03749856692594,0.129880077836975,0.841004407194816,1.28228653742327,"Lyon",17.7289617217123,40.6922353158425,0.765102675486512,37.3563769943789,"GeoMean_Chla"
1.03687702854967,0.132037694784268,0.837079211877594,1.28606235821091,"Lyon",17.7289617217123,40.6922353158425,0.782502477302326,37.3563769943789,"GeoMean_Chla"
1.03625568960612,0.134217669008415,0.833819173584825,1.28976895677673,"Lyon",17.7289617217123,40.6922353158425,0.79990227911814,37.3563769943789,"GeoMean_Chla"
1.03561654246669,0.136425408114564,0.830132197462097,1.29413860474649,"Lyon",17.7289617217123,40.6922353158425,0.817302080933954,37.3563769943789,"GeoMean_Chla"
1.03494098516462,0.138665309961102,0.827463252573921,1.29777383039444,"Lyon",17.7289617217123,40.6922353158425,0.834701882749768,37.3563769943789,"GeoMean_Chla"
1.03421005591019,0.140940235327825,0.824033205025783,1.30232933830425,"Lyon",17.7289617217123,40.6922353158425,0.852101684565582,37.3563769943789,"GeoMean_Chla"
1.03340467043821,0.143251219921076,0.820132937660985,1.30409885461923,"Lyon",17.7289617217123,40.6922353158425,0.869501486381396,37.3563769943789,"GeoMean_Chla"
1.03250607823302,0.145597229692319,0.816298282278607,1.30764434103728,"Lyon",17.7289617217123,40.6922353158425,0.88690128819721,37.3563769943789,"GeoMean_Chla"
1.03149644120929,0.147975084244547,0.81246438571545,1.31207801459003,"Lyon",17.7289617217123,40.6922353158425,0.904301090013024,37.3563769943789,"GeoMean_Chla"
1.03035922313098,0.150379354421739,0.808313158073438,1.31770076155821,"Lyon",17.7289617217123,40.6922353158425,0.921700891828837,37.3563769943789,"GeoMean_Chla"
1.0290800105465,0.152802909558356,0.804450020276462,1.32080778618956,"Lyon",17.7289617217123,40.6922353158425,0.939100693644651,37.3563769943789,"GeoMean_Chla"
1.02764627001082,0.155237152104066,0.799729248820018,1.32328845890788,"Lyon",17.7289617217123,40.6922353158425,0.956500495460465,37.3563769943789,"GeoMean_Chla"
1.02604744636003,0.157672720272707,0.795821985435034,1.32772587701948,"Lyon",17.7289617217123,40.6922353158425,0.973900297276279,37.3563769943789,"GeoMean_Chla"
1.02427654945652,0.160101235860348,0.791176846824699,1.33013598290125,"Lyon",17.7289617217123,40.6922353158425,0.991300099092093,37.3563769943789,"GeoMean_Chla"
1.02233113824155,0.162516682122423,0.78603723753451,1.33311912697132,"Lyon",17.7289617217123,40.6922353158425,1.00869990090791,37.3563769943789,"GeoMean_Chla"
1.02021221064306,0.164915274346213,0.781684213253519,1.33671364596117,"Lyon",17.7289617217123,40.6922353158425,1.02609970272372,37.3563769943789,"GeoMean_Chla"
1.01792413369391,0.167295629108602,0.775810608324321,1.33928697678651,"Lyon",17.7289617217123,40.6922353158425,1.04349950453953,37.3563769943789,"GeoMean_Chla"
1.01547451319027,0.169658596567619,0.77128111641642,1.34056584507007,"Lyon",17.7289617217123,40.6922353158425,1.06089930635535,37.3563769943789,"GeoMean_Chla"
1.01287383399444,0.172006691045174,0.766106825286007,1.34322070172087,"Lyon",17.7289617217123,40.6922353158425,1.07829910817116,37.3563769943789,"GeoMean_Chla"
1.01013402706098,0.174342562283409,0.760877579688851,1.34548328801356,"Lyon",17.7289617217123,40.6922353158425,1.09569890998698,37.3563769943789,"GeoMean_Chla"
1.00726754156491,0.176668000042041,0.756491746802717,1.34535134896012,"Lyon",17.7289617217123,40.6922353158425,1.11309871180279,37.3563769943789,"GeoMean_Chla"
1.00428812022297,0.178984617439732,0.751664132716715,1.34651557288478,"Lyon",17.7289617217123,40.6922353158425,1.1304985136186,37.3563769943789,"GeoMean_Chla"
1.00121131511549,0.181294708296623,0.746332464027208,1.34821794490233,"Lyon",17.7289617217123,40.6922353158425,1.14789831543442,37.3563769943789,"GeoMean_Chla"
0.998054189724438,0.183601262614955,0.741438848166955,1.34847900401439,"Lyon",17.7289617217123,40.6922353158425,1.16529811725023,37.3563769943789,"GeoMean_Chla"
0.994834157408997,0.185906558881346,0.736439930770845,1.34848677724552,"Lyon",17.7289617217123,40.6922353158425,1.18269791906605,37.3563769943789,"GeoMean_Chla"
0.991568430307666,0.188211883734629,0.731284764318028,1.3481963924269,"Lyon",17.7289617217123,40.6922353158425,1.20009772088186,37.3563769943789,"GeoMean_Chla"
0.988273891451025,0.190517230545198,0.725823475690961,1.34854680875063,"Lyon",17.7289617217123,40.6922353158425,1.21749752269767,37.3563769943789,"GeoMean_Chla"
0.984966718652705,0.19282177203538,0.721048086022545,1.35014056746915,"Lyon",17.7289617217123,40.6922353158425,1.23489732451349,37.3563769943789,"GeoMean_Chla"
0.981661405649297,0.195125486896111,0.715764750330563,1.35050527426446,"Lyon",17.7289617217123,40.6922353158425,1.2522971263293,37.3563769943789,"GeoMean_Chla"
0.978370679472317,0.197429686445474,0.710398799073637,1.35145889335613,"Lyon",17.7289617217123,40.6922353158425,1.26969692814512,37.3563769943789,"GeoMean_Chla"
0.975105510515048,0.19973716954906,0.705188929128675,1.34992545577385,"Lyon",17.7289617217123,40.6922353158425,1.28709672996093,37.3563769943789,"GeoMean_Chla"
0.971874754030225,0.202052569349617,0.700396474815053,1.35150560499086,"Lyon",17.7289617217123,40.6922353158425,1.30449653177674,37.3563769943789,"GeoMean_Chla"
0.968684849520889,0.204382338059881,0.695579932899803,1.35366808634805,"Lyon",17.7289617217123,40.6922353158425,1.32189633359256,37.3563769943789,"GeoMean_Chla"
0.965539657746795,0.206734395308007,0.690862886733002,1.35516037670512,"Lyon",17.7289617217123,40.6922353158425,1.33929613540837,37.3563769943789,"GeoMean_Chla"
0.962441792790015,0.209116885518726,0.686423686244246,1.35563731125052,"Lyon",17.7289617217123,40.6922353158425,1.35669593722418,37.3563769943789,"GeoMean_Chla"
0.959393157481847,0.211537409619459,0.681599622497999,1.35683672468731,"Lyon",17.7289617217123,40.6922353158425,1.37409573904,37.3563769943789,"GeoMean_Chla"
0.95639413421878,0.214002902807118,0.676633801349231,1.35723759510025,"Lyon",17.7289617217123,40.6922353158425,1.39149554085581,37.3563769943789,"GeoMean_Chla"
0.953443386364122,0.216519374841553,0.67170595841593,1.35779526348835,"Lyon",17.7289617217123,40.6922353158425,1.40889534267163,37.3563769943789,"GeoMean_Chla"
0.950538523405723,0.219091518625505,0.666835100186521,1.35733375807372,"Lyon",17.7289617217123,40.6922353158425,1.42629514448744,37.3563769943789,"GeoMean_Chla"
0.947676414370171,0.221722664177928,0.661900031536642,1.35719588299236,"Lyon",17.7289617217123,40.6922353158425,1.44369494630325,37.3563769943789,"GeoMean_Chla"
0.944853165126568,0.224415083694274,0.656808687407952,1.35795680330325,"Lyon",17.7289617217123,40.6922353158425,1.46109474811907,37.3563769943789,"GeoMean_Chla"
0.942064557370423,0.227170260713727,0.652081663916535,1.35842616173878,"Lyon",17.7289617217123,40.6922353158425,1.47849454993488,37.3563769943789,"GeoMean_Chla"
0.939306178870482,0.229989409906081,0.646544293226746,1.36203932540658,"Lyon",17.7289617217123,40.6922353158425,1.4958943517507,37.3563769943789,"GeoMean_Chla"
0.936573623258255,0.232873719710445,0.641956448977637,1.36521762515485,"Lyon",17.7289617217123,40.6922353158425,1.51329415356651,37.3563769943789,"GeoMean_Chla"
0.933862640880072,0.235825085945027,0.63622655052879,1.36843971137342,"Lyon",17.7289617217123,40.6922353158425,1.53069395538232,37.3563769943789,"GeoMean_Chla"
0.93116929112986,0.238846962105998,0.631685207275984,1.36946530150355,"Lyon",17.7289617217123,40.6922353158425,1.54809375719814,37.3563769943789,"GeoMean_Chla"
0.928490261481657,0.241945139257609,0.62719389923033,1.37290025825406,"Lyon",17.7289617217123,40.6922353158425,1.56549355901395,37.3563769943789,"GeoMean_Chla"
0.925823033484713,0.245127990664799,0.622067957326259,1.37524160639774,"Lyon",17.7289617217123,40.6922353158425,1.58289336082977,37.3563769943789,"GeoMean_Chla"
0.923165440723768,0.248405496776371,0.617233169463593,1.37796477511634,"Lyon",17.7289617217123,40.6922353158425,1.60029316264558,37.3563769943789,"GeoMean_Chla"
0.920515640845015,0.251788708396618,0.611262709500935,1.38053079326858,"Lyon",17.7289617217123,40.6922353158425,1.61769296446139,37.3563769943789,"GeoMean_Chla"
0.917871963467162,0.255289082931483,0.60583709336013,1.3858849225407,"Lyon",17.7289617217123,40.6922353158425,1.63509276627721,37.3563769943789,"GeoMean_Chla"
0.915232762808712,0.258917879889753,0.600569195085883,1.38785469754808,"Lyon",17.7289617217123,40.6922353158425,1.65249256809302,37.3563769943789,"GeoMean_Chla"
0.912596412263532,0.262685768489888,0.595213853773821,1.39412761650621,"Lyon",17.7289617217123,40.6922353158425,1.66989236990884,37.3563769943789,"GeoMean_Chla"
0.909961463226847,0.266602565974061,0.589892963795313,1.40008762452687,"Lyon",17.7289617217123,40.6922353158425,1.68729217172465,37.3563769943789,"GeoMean_Chla"
0.907327048372574,0.270677007708191,0.584096458283487,1.40482874522395,"Lyon",17.7289617217123,40.6922353158425,1.70469197354046,37.3563769943789,"GeoMean_Chla"
0.904692652045487,0.274916132631203,0.578306098277343,1.41117545445257,"Lyon",17.7289617217123,40.6922353158425,1.72209177535628,37.3563769943789,"GeoMean_Chla"
0.90205818532335,0.279324916227735,0.572905647921028,1.41925251196121,"Lyon",17.7289617217123,40.6922353158425,1.73949157717209,37.3563769943789,"GeoMean_Chla"
0.899424029088551,0.283905959656757,0.567586694531083,1.42341907489897,"Lyon",17.7289617217123,40.6922353158425,1.7568913789879,37.3563769943789,"GeoMean_Chla"
0.89679096058435,0.288659326995926,0.561817515564547,1.43013315768066,"Lyon",17.7289617217123,40.6922353158425,1.77429118080372,37.3563769943789,"GeoMean_Chla"
0.894160075180256,0.293582562158377,0.55566292034924,1.43731852476723,"Lyon",17.7289617217123,40.6922353158425,1.79169098261953,37.3563769943789,"GeoMean_Chla"
0.891532580087825,0.29867080874808,0.550437888685409,1.44817768481271,"Lyon",17.7289617217123,40.6922353158425,1.80909078443535,37.3563769943789,"GeoMean_Chla"
0.888909731986036,0.303917308664667,0.544950635399997,1.45395938733631,"Lyon",17.7289617217123,40.6922353158425,1.82649058625116,37.3563769943789,"GeoMean_Chla"
0.886292745788648,0.309313516908168,0.539010034460319,1.46415639067531,"Lyon",17.7289617217123,40.6922353158425,1.84389038806697,37.3563769943789,"GeoMean_Chla"
0.883682735534603,0.314849537247343,0.532973008190709,1.47304926124162,"Lyon",17.7289617217123,40.6922353158425,1.86129018988279,37.3563769943789,"GeoMean_Chla"
